customer_id,month,balance_contribution,ending_balance
1,2020-01-01T00:00:00.000Z,312,312
1,2020-03-01T00:00:00.000Z,-952,-640
2,2020-01-01T00:00:00.000Z,549,549
2,2020-03-01T00:00:00.000Z,61,610
3,2020-01-01T00:00:00.000Z,144,144
3,2020-02-01T00:00:00.000Z,-965,-821
3,2020-03-01T00:00:00.000Z,-401,-1222
3,2020-04-01T00:00:00.000Z,493,-729
4,2020-01-01T00:00:00.000Z,848,848
4,2020-03-01T00:00:00.000Z,-193,655
5,2020-01-01T00:00:00.000Z,954,954
5,2020-03-01T00:00:00.000Z,-2877,-1923
5,2020-04-01T00:00:00.000Z,-490,-2413
6,2020-01-01T00:00:00.000Z,733,733
6,2020-02-01T00:00:00.000Z,-785,-52
6,2020-03-01T00:00:00.000Z,392,340
7,2020-01-01T00:00:00.000Z,964,964
7,2020-02-01T00:00:00.000Z,2209,3173
7,2020-03-01T00:00:00.000Z,-640,2533
7,2020-04-01T00:00:00.000Z,90,2623
8,2020-01-01T00:00:00.000Z,587,587
8,2020-02-01T00:00:00.000Z,-180,407
8,2020-03-01T00:00:00.000Z,-464,-57
8,2020-04-01T00:00:00.000Z,-972,-1029
9,2020-01-01T00:00:00.000Z,849,849
9,2020-02-01T00:00:00.000Z,-195,654
9,2020-03-01T00:00:00.000Z,930,1584
9,2020-04-01T00:00:00.000Z,-722,862
10,2020-01-01T00:00:00.000Z,-1622,-1622
10,2020-02-01T00:00:00.000Z,280,-1342
10,2020-03-01T00:00:00.000Z,-1411,-2753
10,2020-04-01T00:00:00.000Z,-2337,-5090
11,2020-01-01T00:00:00.000Z,-1744,-1744
11,2020-02-01T00:00:00.000Z,-725,-2469
11,2020-03-01T00:00:00.000Z,381,-2088
11,2020-04-01T00:00:00.000Z,-328,-2416
12,2020-01-01T00:00:00.000Z,92,92
12,2020-03-01T00:00:00.000Z,203,295
13,2020-01-01T00:00:00.000Z,780,780
13,2020-02-01T00:00:00.000Z,499,1279
13,2020-03-01T00:00:00.000Z,126,1405
14,2020-01-01T00:00:00.000Z,205,205
14,2020-02-01T00:00:00.000Z,616,821
14,2020-04-01T00:00:00.000Z,168,989
15,2020-01-01T00:00:00.000Z,379,379
15,2020-04-01T00:00:00.000Z,723,1102
16,2020-01-01T00:00:00.000Z,-1341,-1341
16,2020-02-01T00:00:00.000Z,-1552,-2893
16,2020-03-01T00:00:00.000Z,-1391,-4284
16,2020-04-01T00:00:00.000Z,862,-3422
17,2020-01-01T00:00:00.000Z,465,465
17,2020-02-01T00:00:00.000Z,-1357,-892
18,2020-01-01T00:00:00.000Z,757,757
18,2020-02-01T00:00:00.000Z,-1181,-424
18,2020-03-01T00:00:00.000Z,-418,-842
18,2020-04-01T00:00:00.000Z,27,-815
19,2020-01-01T00:00:00.000Z,-12,-12
19,2020-02-01T00:00:00.000Z,-239,-251
19,2020-03-01T00:00:00.000Z,-50,-301
19,2020-04-01T00:00:00.000Z,343,42
20,2020-01-01T00:00:00.000Z,465,465
20,2020-02-01T00:00:00.000Z,54,519
20,2020-03-01T00:00:00.000Z,257,776
21,2020-01-01T00:00:00.000Z,-204,-204
21,2020-02-01T00:00:00.000Z,-560,-764
21,2020-03-01T00:00:00.000Z,-1110,-1874
21,2020-04-01T00:00:00.000Z,-1379,-3253
22,2020-01-01T00:00:00.000Z,235,235
22,2020-02-01T00:00:00.000Z,-1274,-1039
22,2020-03-01T00:00:00.000Z,890,-149
22,2020-04-01T00:00:00.000Z,-1209,-1358
23,2020-01-01T00:00:00.000Z,94,94
23,2020-02-01T00:00:00.000Z,-408,-314
23,2020-03-01T00:00:00.000Z,158,-156
23,2020-04-01T00:00:00.000Z,-522,-678
24,2020-01-01T00:00:00.000Z,615,615
24,2020-02-01T00:00:00.000Z,198,813
24,2020-03-01T00:00:00.000Z,-559,254
25,2020-01-01T00:00:00.000Z,174,174
25,2020-02-01T00:00:00.000Z,-574,-400
25,2020-03-01T00:00:00.000Z,-820,-1220
25,2020-04-01T00:00:00.000Z,916,-304
26,2020-01-01T00:00:00.000Z,638,638
26,2020-02-01T00:00:00.000Z,-669,-31
26,2020-03-01T00:00:00.000Z,-591,-622
26,2020-04-01T00:00:00.000Z,-1248,-1870
27,2020-01-01T00:00:00.000Z,-1189,-1189
27,2020-02-01T00:00:00.000Z,476,-713
27,2020-03-01T00:00:00.000Z,-2403,-3116
28,2020-01-01T00:00:00.000Z,451,451
28,2020-02-01T00:00:00.000Z,-1269,-818
28,2020-03-01T00:00:00.000Z,-410,-1228
28,2020-04-01T00:00:00.000Z,1500,272
29,2020-01-01T00:00:00.000Z,-138,-138
29,2020-02-01T00:00:00.000Z,62,-76
29,2020-03-01T00:00:00.000Z,907,831
29,2020-04-01T00:00:00.000Z,-1379,-548
30,2020-01-01T00:00:00.000Z,33,33
30,2020-02-01T00:00:00.000Z,-464,-431
30,2020-04-01T00:00:00.000Z,939,508
31,2020-01-01T00:00:00.000Z,83,83
31,2020-03-01T00:00:00.000Z,-224,-141
32,2020-01-01T00:00:00.000Z,-89,-89
32,2020-02-01T00:00:00.000Z,465,376
32,2020-03-01T00:00:00.000Z,-1219,-843
32,2020-04-01T00:00:00.000Z,-158,-1001
33,2020-01-01T00:00:00.000Z,473,473
33,2020-02-01T00:00:00.000Z,-589,-116
33,2020-03-01T00:00:00.000Z,1341,1225
33,2020-04-01T00:00:00.000Z,-236,989
34,2020-01-01T00:00:00.000Z,976,976
34,2020-02-01T00:00:00.000Z,-1323,-347
34,2020-03-01T00:00:00.000Z,162,-185
35,2020-01-01T00:00:00.000Z,507,507
35,2020-02-01T00:00:00.000Z,-1328,-821
35,2020-03-01T00:00:00.000Z,-342,-1163
36,2020-01-01T00:00:00.000Z,149,149
36,2020-02-01T00:00:00.000Z,141,290
36,2020-03-01T00:00:00.000Z,751,1041
36,2020-04-01T00:00:00.000Z,-614,427
37,2020-01-01T00:00:00.000Z,85,85
37,2020-02-01T00:00:00.000Z,817,902
37,2020-03-01T00:00:00.000Z,-1971,-1069
37,2020-04-01T00:00:00.000Z,110,-959
38,2020-01-01T00:00:00.000Z,367,367
38,2020-02-01T00:00:00.000Z,-832,-465
38,2020-03-01T00:00:00.000Z,-333,-798
38,2020-04-01T00:00:00.000Z,-448,-1246
39,2020-01-01T00:00:00.000Z,1429,1429
39,2020-02-01T00:00:00.000Z,959,2388
39,2020-03-01T00:00:00.000Z,72,2460
39,2020-04-01T00:00:00.000Z,56,2516
40,2020-01-01T00:00:00.000Z,347,347
40,2020-02-01T00:00:00.000Z,-52,295
40,2020-03-01T00:00:00.000Z,364,659
40,2020-04-01T00:00:00.000Z,-867,-208
41,2020-01-01T00:00:00.000Z,-46,-46
41,2020-02-01T00:00:00.000Z,1425,1379
41,2020-03-01T00:00:00.000Z,2062,3441
41,2020-04-01T00:00:00.000Z,-916,2525
42,2020-01-01T00:00:00.000Z,447,447
42,2020-02-01T00:00:00.000Z,620,1067
42,2020-03-01T00:00:00.000Z,-1954,-887
42,2020-04-01T00:00:00.000Z,-999,-1886
43,2020-01-01T00:00:00.000Z,-201,-201
43,2020-02-01T00:00:00.000Z,-205,-406
43,2020-03-01T00:00:00.000Z,1275,869
43,2020-04-01T00:00:00.000Z,-324,545
44,2020-01-01T00:00:00.000Z,-690,-690
44,2020-02-01T00:00:00.000Z,671,-19
44,2020-04-01T00:00:00.000Z,-320,-339
45,2020-01-01T00:00:00.000Z,940,940
45,2020-02-01T00:00:00.000Z,-2092,-1152
45,2020-03-01T00:00:00.000Z,1736,584
46,2020-01-01T00:00:00.000Z,522,522
46,2020-02-01T00:00:00.000Z,866,1388
46,2020-03-01T00:00:00.000Z,-1308,80
46,2020-04-01T00:00:00.000Z,24,104
47,2020-01-01T00:00:00.000Z,-1153,-1153
47,2020-02-01T00:00:00.000Z,-130,-1283
47,2020-03-01T00:00:00.000Z,-1579,-2862
47,2020-04-01T00:00:00.000Z,-307,-3169
48,2020-01-01T00:00:00.000Z,-2368,-2368
48,2020-02-01T00:00:00.000Z,-604,-2972
48,2020-03-01T00:00:00.000Z,-773,-3745
49,2020-01-01T00:00:00.000Z,-397,-397
49,2020-02-01T00:00:00.000Z,-197,-594
49,2020-03-01T00:00:00.000Z,-1962,-2556
50,2020-01-01T00:00:00.000Z,931,931
50,2020-02-01T00:00:00.000Z,-1605,-674
50,2020-03-01T00:00:00.000Z,949,275
50,2020-04-01T00:00:00.000Z,175,450
51,2020-01-01T00:00:00.000Z,301,301
51,2020-02-01T00:00:00.000Z,-398,-97
51,2020-03-01T00:00:00.000Z,876,779
51,2020-04-01T00:00:00.000Z,585,1364
52,2020-01-01T00:00:00.000Z,1140,1140
52,2020-02-01T00:00:00.000Z,1472,2612
53,2020-01-01T00:00:00.000Z,22,22
53,2020-02-01T00:00:00.000Z,188,210
53,2020-03-01T00:00:00.000Z,-938,-728
53,2020-04-01T00:00:00.000Z,955,227
54,2020-01-01T00:00:00.000Z,1658,1658
54,2020-02-01T00:00:00.000Z,-29,1629
54,2020-03-01T00:00:00.000Z,-1096,533
54,2020-04-01T00:00:00.000Z,435,968
55,2020-01-01T00:00:00.000Z,380,380
55,2020-02-01T00:00:00.000Z,-790,-410
55,2020-03-01T00:00:00.000Z,759,349
55,2020-04-01T00:00:00.000Z,-862,-513
56,2020-01-01T00:00:00.000Z,-67,-67
56,2020-02-01T00:00:00.000Z,-1579,-1646
56,2020-03-01T00:00:00.000Z,-429,-2075
56,2020-04-01T00:00:00.000Z,-1791,-3866
57,2020-01-01T00:00:00.000Z,414,414
57,2020-02-01T00:00:00.000Z,-515,-101
57,2020-03-01T00:00:00.000Z,-765,-866
58,2020-01-01T00:00:00.000Z,383,383
58,2020-02-01T00:00:00.000Z,1314,1697
58,2020-03-01T00:00:00.000Z,-2893,-1196
58,2020-04-01T00:00:00.000Z,561,-635
59,2020-01-01T00:00:00.000Z,924,924
59,2020-02-01T00:00:00.000Z,1266,2190
59,2020-03-01T00:00:00.000Z,-538,1652
59,2020-04-01T00:00:00.000Z,-854,798
60,2020-01-01T00:00:00.000Z,-189,-189
60,2020-02-01T00:00:00.000Z,857,668
60,2020-03-01T00:00:00.000Z,-1413,-745
60,2020-04-01T00:00:00.000Z,-424,-1169
61,2020-01-01T00:00:00.000Z,222,222
61,2020-02-01T00:00:00.000Z,101,323
61,2020-03-01T00:00:00.000Z,-2033,-1710
61,2020-04-01T00:00:00.000Z,-527,-2237
62,2020-01-01T00:00:00.000Z,-212,-212
62,2020-03-01T00:00:00.000Z,-551,-763
63,2020-01-01T00:00:00.000Z,-332,-332
63,2020-02-01T00:00:00.000Z,-621,-953
63,2020-03-01T00:00:00.000Z,-2993,-3946
64,2020-01-01T00:00:00.000Z,2332,2332
64,2020-02-01T00:00:00.000Z,-778,1554
64,2020-03-01T00:00:00.000Z,-1309,245
65,2020-01-01T00:00:00.000Z,25,25
65,2020-03-01T00:00:00.000Z,-475,-450
65,2020-04-01T00:00:00.000Z,-931,-1381
66,2020-01-01T00:00:00.000Z,1971,1971
66,2020-02-01T00:00:00.000Z,-479,1492
66,2020-03-01T00:00:00.000Z,-2009,-517
67,2020-01-01T00:00:00.000Z,1593,1593
67,2020-02-01T00:00:00.000Z,972,2565
67,2020-03-01T00:00:00.000Z,-515,2050
67,2020-04-01T00:00:00.000Z,-828,1222
68,2020-01-01T00:00:00.000Z,574,574
68,2020-02-01T00:00:00.000Z,-296,278
68,2020-03-01T00:00:00.000Z,-734,-456
69,2020-01-01T00:00:00.000Z,23,23
69,2020-02-01T00:00:00.000Z,-1967,-1944
69,2020-03-01T00:00:00.000Z,-394,-2338
69,2020-04-01T00:00:00.000Z,-747,-3085
70,2020-01-01T00:00:00.000Z,-584,-584
70,2020-02-01T00:00:00.000Z,521,-63
70,2020-03-01T00:00:00.000Z,-1751,-1814
71,2020-01-01T00:00:00.000Z,128,128
71,2020-02-01T00:00:00.000Z,-801,-673
71,2020-03-01T00:00:00.000Z,-592,-1265
72,2020-01-01T00:00:00.000Z,796,796
72,2020-02-01T00:00:00.000Z,-1599,-803
72,2020-03-01T00:00:00.000Z,-877,-1680
72,2020-04-01T00:00:00.000Z,-647,-2327
73,2020-01-01T00:00:00.000Z,513,513
74,2020-01-01T00:00:00.000Z,229,229
74,2020-03-01T00:00:00.000Z,89,318
75,2020-01-01T00:00:00.000Z,234,234
75,2020-02-01T00:00:00.000Z,60,294
76,2020-01-01T00:00:00.000Z,925,925
76,2020-02-01T00:00:00.000Z,1156,2081
76,2020-03-01T00:00:00.000Z,-1646,435
77,2020-01-01T00:00:00.000Z,120,120
77,2020-02-01T00:00:00.000Z,381,501
77,2020-03-01T00:00:00.000Z,296,797
78,2020-01-01T00:00:00.000Z,694,694
78,2020-02-01T00:00:00.000Z,-1456,-762
78,2020-03-01T00:00:00.000Z,45,-717
78,2020-04-01T00:00:00.000Z,-259,-976
79,2020-01-01T00:00:00.000Z,521,521
79,2020-02-01T00:00:00.000Z,859,1380
80,2020-01-01T00:00:00.000Z,795,795
80,2020-02-01T00:00:00.000Z,395,1190
80,2020-03-01T00:00:00.000Z,-568,622
80,2020-04-01T00:00:00.000Z,-423,199
81,2020-01-01T00:00:00.000Z,403,403
81,2020-02-01T00:00:00.000Z,-1360,-957
81,2020-03-01T00:00:00.000Z,-149,-1106
81,2020-04-01T00:00:00.000Z,-878,-1984
82,2020-01-01T00:00:00.000Z,-3912,-3912
82,2020-02-01T00:00:00.000Z,-74,-3986
82,2020-03-01T00:00:00.000Z,737,-3249
82,2020-04-01T00:00:00.000Z,-1365,-4614
83,2020-01-01T00:00:00.000Z,1099,1099
83,2020-02-01T00:00:00.000Z,-1791,-692
83,2020-03-01T00:00:00.000Z,-50,-742
83,2020-04-01T00:00:00.000Z,365,-377
84,2020-01-01T00:00:00.000Z,968,968
84,2020-03-01T00:00:00.000Z,-359,609
85,2020-01-01T00:00:00.000Z,467,467
85,2020-03-01T00:00:00.000Z,609,1076
85,2020-04-01T00:00:00.000Z,-430,646
86,2020-01-01T00:00:00.000Z,872,872
86,2020-02-01T00:00:00.000Z,-1376,-504
86,2020-03-01T00:00:00.000Z,597,93
87,2020-01-01T00:00:00.000Z,-365,-365
87,2020-02-01T00:00:00.000Z,-1001,-1366
87,2020-03-01T00:00:00.000Z,-197,-1563
87,2020-04-01T00:00:00.000Z,368,-1195
88,2020-01-01T00:00:00.000Z,-35,-35
88,2020-02-01T00:00:00.000Z,787,752
88,2020-03-01T00:00:00.000Z,-1488,-736
88,2020-04-01T00:00:00.000Z,-84,-820
89,2020-01-01T00:00:00.000Z,210,210
89,2020-02-01T00:00:00.000Z,-1889,-1679
89,2020-03-01T00:00:00.000Z,-974,-2653
89,2020-04-01T00:00:00.000Z,-494,-3147
90,2020-01-01T00:00:00.000Z,1772,1772
90,2020-02-01T00:00:00.000Z,-3007,-1235
90,2020-03-01T00:00:00.000Z,-389,-1624
90,2020-04-01T00:00:00.000Z,-222,-1846
91,2020-01-01T00:00:00.000Z,-47,-47
91,2020-02-01T00:00:00.000Z,-912,-959
91,2020-03-01T00:00:00.000Z,-1701,-2660
91,2020-04-01T00:00:00.000Z,165,-2495
92,2020-01-01T00:00:00.000Z,985,985
92,2020-03-01T00:00:00.000Z,-843,142
93,2020-01-01T00:00:00.000Z,399,399
93,2020-02-01T00:00:00.000Z,704,1103
93,2020-03-01T00:00:00.000Z,83,1186
93,2020-04-01T00:00:00.000Z,-218,968
94,2020-01-01T00:00:00.000Z,-766,-766
94,2020-02-01T00:00:00.000Z,-730,-1496
94,2020-03-01T00:00:00.000Z,-46,-1542
95,2020-01-01T00:00:00.000Z,217,217
95,2020-02-01T00:00:00.000Z,743,960
95,2020-03-01T00:00:00.000Z,486,1446
96,2020-01-01T00:00:00.000Z,1048,1048
96,2020-02-01T00:00:00.000Z,489,1537
96,2020-03-01T00:00:00.000Z,-595,942
97,2020-01-01T00:00:00.000Z,623,623
97,2020-02-01T00:00:00.000Z,-863,-240
97,2020-03-01T00:00:00.000Z,-2243,-2483
98,2020-01-01T00:00:00.000Z,622,622
98,2020-02-01T00:00:00.000Z,-335,287
98,2020-03-01T00:00:00.000Z,-382,-95
98,2020-04-01T00:00:00.000Z,845,750
99,2020-01-01T00:00:00.000Z,949,949
99,2020-02-01T00:00:00.000Z,-189,760
99,2020-03-01T00:00:00.000Z,-23,737
100,2020-01-01T00:00:00.000Z,1081,1081
100,2020-02-01T00:00:00.000Z,-1578,-497
100,2020-03-01T00:00:00.000Z,-954,-1451
101,2020-01-01T00:00:00.000Z,-484,-484
101,2020-02-01T00:00:00.000Z,-840,-1324
101,2020-03-01T00:00:00.000Z,-1349,-2673
102,2020-01-01T00:00:00.000Z,917,917
102,2020-02-01T00:00:00.000Z,511,1428
102,2020-03-01T00:00:00.000Z,437,1865
102,2020-04-01T00:00:00.000Z,-1219,646
103,2020-01-01T00:00:00.000Z,240,240
103,2020-02-01T00:00:00.000Z,-1090,-850
103,2020-03-01T00:00:00.000Z,-1407,-2257
104,2020-01-01T00:00:00.000Z,615,615
104,2020-02-01T00:00:00.000Z,472,1087
104,2020-03-01T00:00:00.000Z,103,1190
105,2020-01-01T00:00:00.000Z,1014,1014
105,2020-02-01T00:00:00.000Z,-848,166
105,2020-03-01T00:00:00.000Z,-139,27
105,2020-04-01T00:00:00.000Z,-213,-186
106,2020-01-01T00:00:00.000Z,-109,-109
106,2020-02-01T00:00:00.000Z,955,846
106,2020-03-01T00:00:00.000Z,-957,-111
106,2020-04-01T00:00:00.000Z,-1351,-1462
107,2020-01-01T00:00:00.000Z,-144,-144
107,2020-02-01T00:00:00.000Z,-546,-690
108,2020-01-01T00:00:00.000Z,530,530
108,2020-02-01T00:00:00.000Z,208,738
108,2020-03-01T00:00:00.000Z,808,1546
108,2020-04-01T00:00:00.000Z,1134,2680
109,2020-01-01T00:00:00.000Z,429,429
109,2020-02-01T00:00:00.000Z,2062,2491
110,2020-01-01T00:00:00.000Z,1258,1258
110,2020-02-01T00:00:00.000Z,-60,1198
110,2020-03-01T00:00:00.000Z,1035,2233
111,2020-01-01T00:00:00.000Z,101,101
111,2020-02-01T00:00:00.000Z,362,463
111,2020-03-01T00:00:00.000Z,-364,99
112,2020-01-01T00:00:00.000Z,945,945
112,2020-02-01T00:00:00.000Z,-52,893
112,2020-03-01T00:00:00.000Z,-1009,-116
113,2020-01-01T00:00:00.000Z,-511,-511
113,2020-02-01T00:00:00.000Z,573,62
113,2020-03-01T00:00:00.000Z,-50,12
113,2020-04-01T00:00:00.000Z,-1152,-1140
114,2020-01-01T00:00:00.000Z,743,743
114,2020-03-01T00:00:00.000Z,-574,169
114,2020-04-01T00:00:00.000Z,974,1143
115,2020-01-01T00:00:00.000Z,144,144
115,2020-02-01T00:00:00.000Z,-989,-845
115,2020-03-01T00:00:00.000Z,1729,884
115,2020-04-01T00:00:00.000Z,-925,-41
116,2020-01-01T00:00:00.000Z,167,167
116,2020-02-01T00:00:00.000Z,-114,53
116,2020-03-01T00:00:00.000Z,490,543
116,2020-04-01T00:00:00.000Z,-213,330
117,2020-01-01T00:00:00.000Z,-25,-25
117,2020-02-01T00:00:00.000Z,-191,-216
117,2020-03-01T00:00:00.000Z,-490,-706
118,2020-01-01T00:00:00.000Z,-683,-683
118,2020-02-01T00:00:00.000Z,170,-513
118,2020-03-01T00:00:00.000Z,-914,-1427
119,2020-01-01T00:00:00.000Z,62,62
119,2020-03-01T00:00:00.000Z,-969,-907
119,2020-04-01T00:00:00.000Z,417,-490
120,2020-01-01T00:00:00.000Z,824,824
120,2020-02-01T00:00:00.000Z,1089,1913
120,2020-03-01T00:00:00.000Z,-2813,-900
120,2020-04-01T00:00:00.000Z,-565,-1465
121,2020-01-01T00:00:00.000Z,1992,1992
121,2020-02-01T00:00:00.000Z,-696,1296
121,2020-03-01T00:00:00.000Z,-1721,-425
122,2020-01-01T00:00:00.000Z,314,314
122,2020-02-01T00:00:00.000Z,-62,252
122,2020-03-01T00:00:00.000Z,1095,1347
122,2020-04-01T00:00:00.000Z,-281,1066
123,2020-01-01T00:00:00.000Z,-717,-717
123,2020-02-01T00:00:00.000Z,-1560,-2277
123,2020-03-01T00:00:00.000Z,693,-1584
123,2020-04-01T00:00:00.000Z,-544,-2128
124,2020-01-01T00:00:00.000Z,731,731
124,2020-02-01T00:00:00.000Z,1147,1878
124,2020-03-01T00:00:00.000Z,-577,1301
125,2020-01-01T00:00:00.000Z,-791,-791
125,2020-02-01T00:00:00.000Z,-1688,-2479
125,2020-03-01T00:00:00.000Z,43,-2436
126,2020-01-01T00:00:00.000Z,-786,-786
126,2020-02-01T00:00:00.000Z,70,-716
126,2020-03-01T00:00:00.000Z,-2106,-2822
127,2020-01-01T00:00:00.000Z,217,217
127,2020-02-01T00:00:00.000Z,486,703
127,2020-04-01T00:00:00.000Z,969,1672
128,2020-01-01T00:00:00.000Z,410,410
128,2020-02-01T00:00:00.000Z,-266,144
128,2020-03-01T00:00:00.000Z,-920,-776
128,2020-04-01T00:00:00.000Z,574,-202
129,2020-01-01T00:00:00.000Z,466,466
129,2020-02-01T00:00:00.000Z,-1262,-796
129,2020-03-01T00:00:00.000Z,864,68
129,2020-04-01T00:00:00.000Z,-2075,-2007
130,2020-01-01T00:00:00.000Z,-248,-248
130,2020-02-01T00:00:00.000Z,-912,-1160
130,2020-03-01T00:00:00.000Z,1292,132
131,2020-01-01T00:00:00.000Z,480,480
131,2020-02-01T00:00:00.000Z,-1463,-983
131,2020-03-01T00:00:00.000Z,831,-152
132,2020-01-01T00:00:00.000Z,-1254,-1254
132,2020-02-01T00:00:00.000Z,-1590,-2844
132,2020-03-01T00:00:00.000Z,-2412,-5256
132,2020-04-01T00:00:00.000Z,-329,-5585
133,2020-01-01T00:00:00.000Z,-356,-356
133,2020-02-01T00:00:00.000Z,-12,-368
134,2020-01-01T00:00:00.000Z,3194,3194
134,2020-02-01T00:00:00.000Z,-446,2748
134,2020-03-01T00:00:00.000Z,-980,1768
135,2020-01-01T00:00:00.000Z,104,104
135,2020-02-01T00:00:00.000Z,873,977
135,2020-03-01T00:00:00.000Z,24,1001
136,2020-01-01T00:00:00.000Z,479,479
136,2020-02-01T00:00:00.000Z,487,966
136,2020-03-01T00:00:00.000Z,-583,383
136,2020-04-01T00:00:00.000Z,-516,-133
137,2020-01-01T00:00:00.000Z,396,396
137,2020-02-01T00:00:00.000Z,-752,-356
138,2020-01-01T00:00:00.000Z,1316,1316
138,2020-02-01T00:00:00.000Z,-996,320
138,2020-03-01T00:00:00.000Z,-245,75
138,2020-04-01T00:00:00.000Z,-850,-775
139,2020-01-01T00:00:00.000Z,44,44
139,2020-02-01T00:00:00.000Z,460,504
139,2020-03-01T00:00:00.000Z,33,537
140,2020-01-01T00:00:00.000Z,803,803
140,2020-02-01T00:00:00.000Z,723,1526
140,2020-03-01T00:00:00.000Z,819,2345
140,2020-04-01T00:00:00.000Z,-850,1495
141,2020-01-01T00:00:00.000Z,-369,-369
141,2020-02-01T00:00:00.000Z,1852,1483
141,2020-03-01T00:00:00.000Z,630,2113
141,2020-04-01T00:00:00.000Z,425,2538
142,2020-01-01T00:00:00.000Z,1378,1378
142,2020-02-01T00:00:00.000Z,-938,440
142,2020-03-01T00:00:00.000Z,-223,217
142,2020-04-01T00:00:00.000Z,646,863
143,2020-01-01T00:00:00.000Z,807,807
143,2020-02-01T00:00:00.000Z,818,1625
143,2020-03-01T00:00:00.000Z,-1599,26
143,2020-04-01T00:00:00.000Z,-2483,-2457
144,2020-01-01T00:00:00.000Z,-735,-735
144,2020-02-01T00:00:00.000Z,-2545,-3280
144,2020-03-01T00:00:00.000Z,234,-3046
144,2020-04-01T00:00:00.000Z,-1349,-4395
145,2020-01-01T00:00:00.000Z,-3051,-3051
145,2020-02-01T00:00:00.000Z,1081,-1970
145,2020-03-01T00:00:00.000Z,-2149,-4119
146,2020-01-01T00:00:00.000Z,-807,-807
146,2020-02-01T00:00:00.000Z,-2460,-3267
146,2020-03-01T00:00:00.000Z,-514,-3781
146,2020-04-01T00:00:00.000Z,64,-3717
147,2020-01-01T00:00:00.000Z,600,600
147,2020-02-01T00:00:00.000Z,1098,1698
148,2020-01-01T00:00:00.000Z,88,88
148,2020-02-01T00:00:00.000Z,-2555,-2467
148,2020-03-01T00:00:00.000Z,391,-2076
148,2020-04-01T00:00:00.000Z,-654,-2730
149,2020-01-01T00:00:00.000Z,344,344
149,2020-02-01T00:00:00.000Z,-23,321
149,2020-03-01T00:00:00.000Z,-523,-202
150,2020-01-01T00:00:00.000Z,-600,-600
150,2020-02-01T00:00:00.000Z,-912,-1512
150,2020-03-01T00:00:00.000Z,-92,-1604
150,2020-04-01T00:00:00.000Z,-825,-2429
151,2020-01-01T00:00:00.000Z,1367,1367
151,2020-02-01T00:00:00.000Z,-1362,5
151,2020-03-01T00:00:00.000Z,-892,-887
152,2020-01-01T00:00:00.000Z,1831,1831
152,2020-02-01T00:00:00.000Z,71,1902
152,2020-03-01T00:00:00.000Z,82,1984
153,2020-01-01T00:00:00.000Z,-1954,-1954
153,2020-02-01T00:00:00.000Z,1178,-776
153,2020-03-01T00:00:00.000Z,-919,-1695
154,2020-01-01T00:00:00.000Z,-1392,-1392
154,2020-02-01T00:00:00.000Z,-948,-2340
154,2020-03-01T00:00:00.000Z,236,-2104
154,2020-04-01T00:00:00.000Z,-451,-2555
155,2020-01-01T00:00:00.000Z,-996,-996
155,2020-02-01T00:00:00.000Z,-1945,-2941
155,2020-03-01T00:00:00.000Z,-436,-3377
155,2020-04-01T00:00:00.000Z,-1153,-4530
156,2020-01-01T00:00:00.000Z,82,82
156,2020-04-01T00:00:00.000Z,230,312
157,2020-01-01T00:00:00.000Z,138,138
157,2020-02-01T00:00:00.000Z,-749,-611
157,2020-03-01T00:00:00.000Z,3377,2766
158,2020-01-01T00:00:00.000Z,56,56
158,2020-02-01T00:00:00.000Z,-192,-136
158,2020-03-01T00:00:00.000Z,-970,-1106
159,2020-01-01T00:00:00.000Z,-301,-301
160,2020-01-01T00:00:00.000Z,843,843
160,2020-02-01T00:00:00.000Z,-300,543
160,2020-03-01T00:00:00.000Z,-612,-69
160,2020-04-01T00:00:00.000Z,-238,-307
161,2020-01-01T00:00:00.000Z,-1121,-1121
161,2020-02-01T00:00:00.000Z,160,-961
161,2020-03-01T00:00:00.000Z,670,-291
162,2020-01-01T00:00:00.000Z,123,123
162,2020-02-01T00:00:00.000Z,661,784
163,2020-01-01T00:00:00.000Z,-73,-73
163,2020-02-01T00:00:00.000Z,-255,-328
163,2020-03-01T00:00:00.000Z,-2788,-3116
163,2020-04-01T00:00:00.000Z,61,-3055
164,2020-01-01T00:00:00.000Z,548,548
164,2020-02-01T00:00:00.000Z,409,957
165,2020-01-01T00:00:00.000Z,-61,-61
165,2020-02-01T00:00:00.000Z,-1027,-1088
165,2020-03-01T00:00:00.000Z,-2613,-3701
165,2020-04-01T00:00:00.000Z,-230,-3931
166,2020-01-01T00:00:00.000Z,957,957
166,2020-02-01T00:00:00.000Z,589,1546
166,2020-03-01T00:00:00.000Z,-243,1303
166,2020-04-01T00:00:00.000Z,480,1783
167,2020-01-01T00:00:00.000Z,51,51
167,2020-02-01T00:00:00.000Z,523,574
167,2020-03-01T00:00:00.000Z,-1140,-566
167,2020-04-01T00:00:00.000Z,-182,-748
168,2020-01-01T00:00:00.000Z,114,114
168,2020-02-01T00:00:00.000Z,-915,-801
169,2020-01-01T00:00:00.000Z,-569,-569
169,2020-02-01T00:00:00.000Z,-621,-1190
169,2020-03-01T00:00:00.000Z,1199,9
169,2020-04-01T00:00:00.000Z,897,906
170,2020-01-01T00:00:00.000Z,-38,-38
170,2020-02-01T00:00:00.000Z,-335,-373
170,2020-03-01T00:00:00.000Z,236,-137
170,2020-04-01T00:00:00.000Z,-713,-850
171,2020-01-01T00:00:00.000Z,-197,-197
171,2020-02-01T00:00:00.000Z,-1203,-1400
171,2020-03-01T00:00:00.000Z,-521,-1921
171,2020-04-01T00:00:00.000Z,1010,-911
172,2020-01-01T00:00:00.000Z,-174,-174
172,2020-03-01T00:00:00.000Z,-864,-1038
173,2020-01-01T00:00:00.000Z,1298,1298
173,2020-02-01T00:00:00.000Z,100,1398
173,2020-03-01T00:00:00.000Z,-486,912
173,2020-04-01T00:00:00.000Z,-791,121
174,2020-01-01T00:00:00.000Z,1142,1142
174,2020-02-01T00:00:00.000Z,-1240,-98
174,2020-03-01T00:00:00.000Z,-1037,-1135
174,2020-04-01T00:00:00.000Z,1779,644
175,2020-01-01T00:00:00.000Z,-326,-326
175,2020-02-01T00:00:00.000Z,-429,-755
175,2020-03-01T00:00:00.000Z,-1067,-1822
175,2020-04-01T00:00:00.000Z,273,-1549
176,2020-01-01T00:00:00.000Z,655,655
176,2020-02-01T00:00:00.000Z,-50,605
176,2020-03-01T00:00:00.000Z,-1136,-531
176,2020-04-01T00:00:00.000Z,-536,-1067
177,2020-01-01T00:00:00.000Z,405,405
177,2020-02-01T00:00:00.000Z,-561,-156
177,2020-03-01T00:00:00.000Z,956,800
177,2020-04-01T00:00:00.000Z,-1774,-974
178,2020-01-01T00:00:00.000Z,252,252
178,2020-02-01T00:00:00.000Z,135,387
178,2020-03-01T00:00:00.000Z,3,390
178,2020-04-01T00:00:00.000Z,-2373,-1983
179,2020-01-01T00:00:00.000Z,-1754,-1754
179,2020-02-01T00:00:00.000Z,-1632,-3386
179,2020-03-01T00:00:00.000Z,-4567,-7953
180,2020-01-01T00:00:00.000Z,-838,-838
180,2020-02-01T00:00:00.000Z,-970,-1808
180,2020-03-01T00:00:00.000Z,-996,-2804
180,2020-04-01T00:00:00.000Z,-371,-3175
181,2020-01-01T00:00:00.000Z,-47,-47
181,2020-02-01T00:00:00.000Z,-796,-843
181,2020-03-01T00:00:00.000Z,-1797,-2640
182,2020-01-01T00:00:00.000Z,97,97
182,2020-02-01T00:00:00.000Z,-142,-45
182,2020-03-01T00:00:00.000Z,-798,-843
182,2020-04-01T00:00:00.000Z,684,-159
183,2020-01-01T00:00:00.000Z,-540,-540
183,2020-02-01T00:00:00.000Z,-3189,-3729
183,2020-03-01T00:00:00.000Z,-2354,-6083
183,2020-04-01T00:00:00.000Z,-477,-6560
184,2020-01-01T00:00:00.000Z,472,472
184,2020-02-01T00:00:00.000Z,-803,-331
184,2020-03-01T00:00:00.000Z,-2199,-2530
184,2020-04-01T00:00:00.000Z,-648,-3178
185,2020-01-01T00:00:00.000Z,626,626
185,2020-02-01T00:00:00.000Z,-637,-11
185,2020-03-01T00:00:00.000Z,-990,-1001
185,2020-04-01T00:00:00.000Z,496,-505
186,2020-01-01T00:00:00.000Z,534,534
186,2020-02-01T00:00:00.000Z,811,1345
186,2020-03-01T00:00:00.000Z,585,1930
186,2020-04-01T00:00:00.000Z,-646,1284
187,2020-01-01T00:00:00.000Z,-211,-211
187,2020-02-01T00:00:00.000Z,-1168,-1379
187,2020-03-01T00:00:00.000Z,-1681,-3060
187,2020-04-01T00:00:00.000Z,788,-2272
188,2020-01-01T00:00:00.000Z,-184,-184
188,2020-02-01T00:00:00.000Z,1197,1013
188,2020-03-01T00:00:00.000Z,-961,52
188,2020-04-01T00:00:00.000Z,-527,-475
189,2020-01-01T00:00:00.000Z,-838,-838
189,2020-02-01T00:00:00.000Z,-1263,-2101
189,2020-03-01T00:00:00.000Z,-1906,-4007
190,2020-01-01T00:00:00.000Z,14,14
190,2020-02-01T00:00:00.000Z,445,459
190,2020-03-01T00:00:00.000Z,64,523
190,2020-04-01T00:00:00.000Z,655,1178
191,2020-01-01T00:00:00.000Z,1632,1632
191,2020-02-01T00:00:00.000Z,-326,1306
191,2020-03-01T00:00:00.000Z,-270,1036
191,2020-04-01T00:00:00.000Z,-157,879
192,2020-01-01T00:00:00.000Z,2526,2526
192,2020-02-01T00:00:00.000Z,-3215,-689
192,2020-03-01T00:00:00.000Z,1072,383
192,2020-04-01T00:00:00.000Z,756,1139
193,2020-01-01T00:00:00.000Z,689,689
193,2020-03-01T00:00:00.000Z,-203,486
194,2020-01-01T00:00:00.000Z,137,137
194,2020-02-01T00:00:00.000Z,-2348,-2211
194,2020-03-01T00:00:00.000Z,2389,178
194,2020-04-01T00:00:00.000Z,-875,-697
195,2020-01-01T00:00:00.000Z,489,489
195,2020-03-01T00:00:00.000Z,-83,406
196,2020-01-01T00:00:00.000Z,734,734
196,2020-02-01T00:00:00.000Z,561,1295
196,2020-03-01T00:00:00.000Z,87,1382
197,2020-01-01T00:00:00.000Z,-446,-446
197,2020-02-01T00:00:00.000Z,583,137
197,2020-03-01T00:00:00.000Z,886,1023
197,2020-04-01T00:00:00.000Z,2662,3685
198,2020-01-01T00:00:00.000Z,1144,1144
198,2020-02-01T00:00:00.000Z,-856,288
198,2020-03-01T00:00:00.000Z,-1541,-1253
198,2020-04-01T00:00:00.000Z,496,-757
199,2020-01-01T00:00:00.000Z,530,530
199,2020-02-01T00:00:00.000Z,-15,515
199,2020-03-01T00:00:00.000Z,-529,-14
199,2020-04-01T00:00:00.000Z,-206,-220
200,2020-01-01T00:00:00.000Z,997,997
200,2020-02-01T00:00:00.000Z,359,1356
200,2020-03-01T00:00:00.000Z,1558,2914
200,2020-04-01T00:00:00.000Z,-61,2853
201,2020-01-01T00:00:00.000Z,-383,-383
201,2020-02-01T00:00:00.000Z,91,-292
201,2020-03-01T00:00:00.000Z,1821,1529
202,2020-01-01T00:00:00.000Z,-530,-530
202,2020-02-01T00:00:00.000Z,-386,-916
202,2020-03-01T00:00:00.000Z,-1499,-2415
203,2020-01-01T00:00:00.000Z,2528,2528
203,2020-02-01T00:00:00.000Z,943,3471
203,2020-03-01T00:00:00.000Z,-10,3461
203,2020-04-01T00:00:00.000Z,-24,3437
204,2020-01-01T00:00:00.000Z,749,749
204,2020-02-01T00:00:00.000Z,290,1039
204,2020-03-01T00:00:00.000Z,548,1587
204,2020-04-01T00:00:00.000Z,306,1893
205,2020-01-01T00:00:00.000Z,-82,-82
205,2020-02-01T00:00:00.000Z,1293,1211
205,2020-03-01T00:00:00.000Z,-144,1067
206,2020-01-01T00:00:00.000Z,-215,-215
206,2020-02-01T00:00:00.000Z,-734,-949
206,2020-03-01T00:00:00.000Z,-4025,-4974
206,2020-04-01T00:00:00.000Z,-400,-5374
207,2020-01-01T00:00:00.000Z,322,322
207,2020-02-01T00:00:00.000Z,-2276,-1954
207,2020-03-01T00:00:00.000Z,-198,-2152
207,2020-04-01T00:00:00.000Z,1138,-1014
208,2020-01-01T00:00:00.000Z,537,537
208,2020-02-01T00:00:00.000Z,-131,406
208,2020-04-01T00:00:00.000Z,955,1361
209,2020-01-01T00:00:00.000Z,-202,-202
209,2020-02-01T00:00:00.000Z,-564,-766
209,2020-03-01T00:00:00.000Z,-500,-1266
209,2020-04-01T00:00:00.000Z,-1085,-2351
210,2020-01-01T00:00:00.000Z,60,60
210,2020-02-01T00:00:00.000Z,-1421,-1361
210,2020-03-01T00:00:00.000Z,52,-1309
210,2020-04-01T00:00:00.000Z,517,-792
211,2020-01-01T00:00:00.000Z,607,607
211,2020-02-01T00:00:00.000Z,1232,1839
211,2020-03-01T00:00:00.000Z,-1582,257
211,2020-04-01T00:00:00.000Z,-859,-602
212,2020-01-01T00:00:00.000Z,-336,-336
212,2020-02-01T00:00:00.000Z,817,481
212,2020-03-01T00:00:00.000Z,3048,3529
213,2020-01-01T00:00:00.000Z,-239,-239
213,2020-02-01T00:00:00.000Z,-960,-1199
213,2020-03-01T00:00:00.000Z,15,-1184
213,2020-04-01T00:00:00.000Z,-533,-1717
214,2020-01-01T00:00:00.000Z,-445,-445
214,2020-02-01T00:00:00.000Z,-1066,-1511
214,2020-03-01T00:00:00.000Z,1594,83
214,2020-04-01T00:00:00.000Z,719,802
215,2020-01-01T00:00:00.000Z,822,822
215,2020-02-01T00:00:00.000Z,948,1770
215,2020-03-01T00:00:00.000Z,-1073,697
215,2020-04-01T00:00:00.000Z,-283,414
216,2020-01-01T00:00:00.000Z,1619,1619
216,2020-02-01T00:00:00.000Z,1683,3302
216,2020-03-01T00:00:00.000Z,-2430,872
216,2020-04-01T00:00:00.000Z,-982,-110
217,2020-01-01T00:00:00.000Z,870,870
217,2020-02-01T00:00:00.000Z,969,1839
217,2020-03-01T00:00:00.000Z,-1830,9
218,2020-01-01T00:00:00.000Z,208,208
218,2020-02-01T00:00:00.000Z,-1828,-1620
218,2020-03-01T00:00:00.000Z,1155,-465
218,2020-04-01T00:00:00.000Z,1632,1167
219,2020-01-01T00:00:00.000Z,165,165
219,2020-02-01T00:00:00.000Z,-1010,-845
219,2020-03-01T00:00:00.000Z,1953,1108
219,2020-04-01T00:00:00.000Z,-802,306
220,2020-01-01T00:00:00.000Z,307,307
220,2020-02-01T00:00:00.000Z,407,714
220,2020-03-01T00:00:00.000Z,-743,-29
220,2020-04-01T00:00:00.000Z,-929,-958
221,2020-01-01T00:00:00.000Z,1384,1384
221,2020-02-01T00:00:00.000Z,97,1481
221,2020-03-01T00:00:00.000Z,-426,1055
222,2020-01-01T00:00:00.000Z,657,657
222,2020-02-01T00:00:00.000Z,1340,1997
222,2020-03-01T00:00:00.000Z,-861,1136
222,2020-04-01T00:00:00.000Z,396,1532
223,2020-01-01T00:00:00.000Z,396,396
223,2020-02-01T00:00:00.000Z,-1496,-1100
223,2020-03-01T00:00:00.000Z,-623,-1723
223,2020-04-01T00:00:00.000Z,-712,-2435
224,2020-01-01T00:00:00.000Z,487,487
224,2020-02-01T00:00:00.000Z,-693,-206
224,2020-03-01T00:00:00.000Z,-1375,-1581
224,2020-04-01T00:00:00.000Z,212,-1369
225,2020-01-01T00:00:00.000Z,280,280
225,2020-02-01T00:00:00.000Z,-369,-89
225,2020-03-01T00:00:00.000Z,386,297
226,2020-01-01T00:00:00.000Z,-980,-980
226,2020-02-01T00:00:00.000Z,394,-586
226,2020-03-01T00:00:00.000Z,-1269,-1855
226,2020-04-01T00:00:00.000Z,425,-1430
227,2020-01-01T00:00:00.000Z,-622,-622
227,2020-02-01T00:00:00.000Z,-423,-1045
227,2020-03-01T00:00:00.000Z,-1291,-2336
227,2020-04-01T00:00:00.000Z,-825,-3161
228,2020-01-01T00:00:00.000Z,294,294
228,2020-02-01T00:00:00.000Z,-547,-253
228,2020-03-01T00:00:00.000Z,-1471,-1724
229,2020-01-01T00:00:00.000Z,621,621
229,2020-02-01T00:00:00.000Z,997,1618
229,2020-03-01T00:00:00.000Z,-915,703
230,2020-01-01T00:00:00.000Z,499,499
230,2020-02-01T00:00:00.000Z,491,990
230,2020-03-01T00:00:00.000Z,1438,2428
230,2020-04-01T00:00:00.000Z,-72,2356
231,2020-01-01T00:00:00.000Z,-236,-236
231,2020-02-01T00:00:00.000Z,-298,-534
231,2020-03-01T00:00:00.000Z,-1476,-2010
231,2020-04-01T00:00:00.000Z,-465,-2475
232,2020-01-01T00:00:00.000Z,1418,1418
232,2020-02-01T00:00:00.000Z,-554,864
232,2020-03-01T00:00:00.000Z,59,923
233,2020-01-01T00:00:00.000Z,1795,1795
233,2020-02-01T00:00:00.000Z,1115,2910
233,2020-03-01T00:00:00.000Z,832,3742
234,2020-01-01T00:00:00.000Z,-200,-200
234,2020-02-01T00:00:00.000Z,522,322
234,2020-03-01T00:00:00.000Z,-2598,-2276
235,2020-01-01T00:00:00.000Z,-1963,-1963
235,2020-02-01T00:00:00.000Z,1487,-476
235,2020-03-01T00:00:00.000Z,500,24
236,2020-01-01T00:00:00.000Z,356,356
236,2020-02-01T00:00:00.000Z,703,1059
236,2020-03-01T00:00:00.000Z,-135,924
236,2020-04-01T00:00:00.000Z,-1024,-100
237,2020-01-01T00:00:00.000Z,-174,-174
237,2020-02-01T00:00:00.000Z,310,136
237,2020-03-01T00:00:00.000Z,1431,1567
237,2020-04-01T00:00:00.000Z,-755,812
238,2020-01-01T00:00:00.000Z,802,802
238,2020-02-01T00:00:00.000Z,468,1270
238,2020-04-01T00:00:00.000Z,-1749,-479
239,2020-01-01T00:00:00.000Z,-10,-10
239,2020-02-01T00:00:00.000Z,716,706
239,2020-03-01T00:00:00.000Z,-132,574
239,2020-04-01T00:00:00.000Z,1297,1871
240,2020-01-01T00:00:00.000Z,1108,1108
240,2020-02-01T00:00:00.000Z,-354,754
240,2020-03-01T00:00:00.000Z,2446,3200
240,2020-04-01T00:00:00.000Z,-125,3075
241,2020-01-01T00:00:00.000Z,20,20
242,2020-01-01T00:00:00.000Z,1143,1143
242,2020-02-01T00:00:00.000Z,-1605,-462
242,2020-03-01T00:00:00.000Z,-1429,-1891
242,2020-04-01T00:00:00.000Z,-1443,-3334
243,2020-01-01T00:00:00.000Z,-368,-368
243,2020-03-01T00:00:00.000Z,1347,979
244,2020-01-01T00:00:00.000Z,728,728
244,2020-02-01T00:00:00.000Z,1024,1752
244,2020-03-01T00:00:00.000Z,178,1930
244,2020-04-01T00:00:00.000Z,-1053,877
245,2020-01-01T00:00:00.000Z,76,76
245,2020-02-01T00:00:00.000Z,-417,-341
245,2020-03-01T00:00:00.000Z,-1450,-1791
245,2020-04-01T00:00:00.000Z,770,-1021
246,2020-01-01T00:00:00.000Z,506,506
246,2020-02-01T00:00:00.000Z,78,584
246,2020-03-01T00:00:00.000Z,-307,277
246,2020-04-01T00:00:00.000Z,-2409,-2132
247,2020-01-01T00:00:00.000Z,983,983
247,2020-02-01T00:00:00.000Z,-406,577
247,2020-03-01T00:00:00.000Z,-280,297
248,2020-01-01T00:00:00.000Z,304,304
248,2020-02-01T00:00:00.000Z,363,667
248,2020-03-01T00:00:00.000Z,288,955
248,2020-04-01T00:00:00.000Z,233,1188
249,2020-01-01T00:00:00.000Z,336,336
249,2020-03-01T00:00:00.000Z,729,1065
249,2020-04-01T00:00:00.000Z,-170,895
250,2020-01-01T00:00:00.000Z,149,149
250,2020-02-01T00:00:00.000Z,-149,0
250,2020-03-01T00:00:00.000Z,177,177
250,2020-04-01T00:00:00.000Z,-1732,-1555
251,2020-01-01T00:00:00.000Z,1276,1276
251,2020-02-01T00:00:00.000Z,-2200,-924
251,2020-03-01T00:00:00.000Z,-306,-1230
251,2020-04-01T00:00:00.000Z,-653,-1883
252,2020-01-01T00:00:00.000Z,289,289
252,2020-04-01T00:00:00.000Z,-156,133
253,2020-01-01T00:00:00.000Z,-578,-578
253,2020-02-01T00:00:00.000Z,1,-577
253,2020-03-01T00:00:00.000Z,120,-457
253,2020-04-01T00:00:00.000Z,-27,-484
254,2020-01-01T00:00:00.000Z,36,36
254,2020-02-01T00:00:00.000Z,-2919,-2883
254,2020-03-01T00:00:00.000Z,2293,-590
255,2020-01-01T00:00:00.000Z,253,253
255,2020-02-01T00:00:00.000Z,-124,129
255,2020-03-01T00:00:00.000Z,-677,-548
256,2020-01-01T00:00:00.000Z,1743,1743
256,2020-02-01T00:00:00.000Z,-837,906
256,2020-03-01T00:00:00.000Z,246,1152
256,2020-04-01T00:00:00.000Z,-58,1094
257,2020-01-01T00:00:00.000Z,414,414
257,2020-02-01T00:00:00.000Z,-2023,-1609
257,2020-03-01T00:00:00.000Z,1137,-472
257,2020-04-01T00:00:00.000Z,-504,-976
258,2020-01-01T00:00:00.000Z,590,590
258,2020-02-01T00:00:00.000Z,-1666,-1076
258,2020-03-01T00:00:00.000Z,-1817,-2893
258,2020-04-01T00:00:00.000Z,1428,-1465
259,2020-01-01T00:00:00.000Z,928,928
259,2020-02-01T00:00:00.000Z,-1195,-267
259,2020-03-01T00:00:00.000Z,-1191,-1458
260,2020-01-01T00:00:00.000Z,1865,1865
260,2020-03-01T00:00:00.000Z,44,1909
261,2020-01-01T00:00:00.000Z,746,746
261,2020-02-01T00:00:00.000Z,662,1408
261,2020-03-01T00:00:00.000Z,-1737,-329
261,2020-04-01T00:00:00.000Z,298,-31
262,2020-01-01T00:00:00.000Z,-1070,-1070
262,2020-02-01T00:00:00.000Z,-1529,-2599
262,2020-03-01T00:00:00.000Z,227,-2372
263,2020-01-01T00:00:00.000Z,312,312
263,2020-02-01T00:00:00.000Z,-200,112
263,2020-04-01T00:00:00.000Z,658,770
264,2020-01-01T00:00:00.000Z,770,770
264,2020-02-01T00:00:00.000Z,775,1545
264,2020-03-01T00:00:00.000Z,543,2088
264,2020-04-01T00:00:00.000Z,-793,1295
265,2020-01-01T00:00:00.000Z,-25,-25
265,2020-02-01T00:00:00.000Z,-1456,-1481
265,2020-03-01T00:00:00.000Z,-1111,-2592
265,2020-04-01T00:00:00.000Z,644,-1948
266,2020-01-01T00:00:00.000Z,651,651
266,2020-02-01T00:00:00.000Z,804,1455
266,2020-03-01T00:00:00.000Z,-668,787
266,2020-04-01T00:00:00.000Z,351,1138
267,2020-01-01T00:00:00.000Z,-193,-193
267,2020-02-01T00:00:00.000Z,-1875,-2068
267,2020-03-01T00:00:00.000Z,-3168,-5236
267,2020-04-01T00:00:00.000Z,2794,-2442
268,2020-01-01T00:00:00.000Z,1699,1699
268,2020-02-01T00:00:00.000Z,-1576,123
268,2020-03-01T00:00:00.000Z,147,270
268,2020-04-01T00:00:00.000Z,-488,-218
269,2020-01-01T00:00:00.000Z,-2665,-2665
269,2020-02-01T00:00:00.000Z,-1320,-3985
269,2020-03-01T00:00:00.000Z,1515,-2470
269,2020-04-01T00:00:00.000Z,606,-1864
270,2020-01-01T00:00:00.000Z,1395,1395
270,2020-02-01T00:00:00.000Z,-434,961
270,2020-03-01T00:00:00.000Z,-362,599
270,2020-04-01T00:00:00.000Z,-1041,-442
271,2020-01-01T00:00:00.000Z,-1586,-1586
271,2020-02-01T00:00:00.000Z,1858,272
271,2020-03-01T00:00:00.000Z,-888,-616
271,2020-04-01T00:00:00.000Z,796,180
272,2020-01-01T00:00:00.000Z,-228,-228
272,2020-02-01T00:00:00.000Z,-1445,-1673
272,2020-04-01T00:00:00.000Z,-96,-1769
273,2020-01-01T00:00:00.000Z,876,876
273,2020-02-01T00:00:00.000Z,-743,133
273,2020-03-01T00:00:00.000Z,-311,-178
273,2020-04-01T00:00:00.000Z,486,308
274,2020-01-01T00:00:00.000Z,-780,-780
274,2020-02-01T00:00:00.000Z,198,-582
274,2020-03-01T00:00:00.000Z,706,124
275,2020-01-01T00:00:00.000Z,211,211
275,2020-02-01T00:00:00.000Z,-1536,-1325
275,2020-03-01T00:00:00.000Z,-1648,-2973
275,2020-04-01T00:00:00.000Z,-196,-3169
276,2020-01-01T00:00:00.000Z,-851,-851
276,2020-02-01T00:00:00.000Z,55,-796
276,2020-03-01T00:00:00.000Z,-1148,-1944
277,2020-01-01T00:00:00.000Z,615,615
277,2020-02-01T00:00:00.000Z,796,1411
277,2020-03-01T00:00:00.000Z,454,1865
278,2020-01-01T00:00:00.000Z,1309,1309
278,2020-02-01T00:00:00.000Z,414,1723
278,2020-03-01T00:00:00.000Z,303,2026
278,2020-04-01T00:00:00.000Z,1528,3554
279,2020-01-01T00:00:00.000Z,1895,1895
279,2020-02-01T00:00:00.000Z,1746,3641
279,2020-03-01T00:00:00.000Z,542,4183
279,2020-04-01T00:00:00.000Z,-80,4103
280,2020-01-01T00:00:00.000Z,-87,-87
280,2020-02-01T00:00:00.000Z,-98,-185
280,2020-03-01T00:00:00.000Z,-188,-373
281,2020-01-01T00:00:00.000Z,220,220
281,2020-02-01T00:00:00.000Z,835,1055
281,2020-03-01T00:00:00.000Z,1137,2192
281,2020-04-01T00:00:00.000Z,812,3004
282,2020-01-01T00:00:00.000Z,74,74
282,2020-02-01T00:00:00.000Z,-787,-713
282,2020-03-01T00:00:00.000Z,-948,-1661
282,2020-04-01T00:00:00.000Z,350,-1311
283,2020-01-01T00:00:00.000Z,-1201,-1201
283,2020-02-01T00:00:00.000Z,-1617,-2818
283,2020-03-01T00:00:00.000Z,-2903,-5721
283,2020-04-01T00:00:00.000Z,-1424,-7145
284,2020-01-01T00:00:00.000Z,257,257
284,2020-02-01T00:00:00.000Z,-2859,-2602
284,2020-03-01T00:00:00.000Z,-224,-2826
284,2020-04-01T00:00:00.000Z,-553,-3379
285,2020-01-01T00:00:00.000Z,360,360
285,2020-02-01T00:00:00.000Z,998,1358
285,2020-03-01T00:00:00.000Z,607,1965
286,2020-01-01T00:00:00.000Z,177,177
286,2020-02-01T00:00:00.000Z,-6,171
287,2020-01-01T00:00:00.000Z,658,658
287,2020-02-01T00:00:00.000Z,171,829
287,2020-03-01T00:00:00.000Z,57,886
287,2020-04-01T00:00:00.000Z,-1292,-406
288,2020-01-01T00:00:00.000Z,778,778
288,2020-02-01T00:00:00.000Z,-1645,-867
288,2020-03-01T00:00:00.000Z,352,-515
289,2020-01-01T00:00:00.000Z,838,838
289,2020-02-01T00:00:00.000Z,-1045,-207
289,2020-03-01T00:00:00.000Z,-727,-934
289,2020-04-01T00:00:00.000Z,-125,-1059
290,2020-01-01T00:00:00.000Z,785,785
290,2020-02-01T00:00:00.000Z,354,1139
290,2020-03-01T00:00:00.000Z,922,2061
290,2020-04-01T00:00:00.000Z,-2040,21
291,2020-01-01T00:00:00.000Z,930,930
291,2020-04-01T00:00:00.000Z,-399,531
292,2020-01-01T00:00:00.000Z,-3458,-3458
292,2020-02-01T00:00:00.000Z,-1188,-4646
292,2020-03-01T00:00:00.000Z,-114,-4760
293,2020-01-01T00:00:00.000Z,-383,-383
293,2020-02-01T00:00:00.000Z,-1069,-1452
293,2020-03-01T00:00:00.000Z,-318,-1770
293,2020-04-01T00:00:00.000Z,-730,-2500
294,2020-01-01T00:00:00.000Z,307,307
294,2020-02-01T00:00:00.000Z,1250,1557
294,2020-03-01T00:00:00.000Z,-850,707
295,2020-01-01T00:00:00.000Z,636,636
295,2020-02-01T00:00:00.000Z,-140,496
295,2020-03-01T00:00:00.000Z,934,1430
295,2020-04-01T00:00:00.000Z,-1607,-177
296,2020-01-01T00:00:00.000Z,191,191
296,2020-02-01T00:00:00.000Z,961,1152
296,2020-03-01T00:00:00.000Z,157,1309
296,2020-04-01T00:00:00.000Z,911,2220
297,2020-01-01T00:00:00.000Z,550,550
297,2020-02-01T00:00:00.000Z,35,585
297,2020-03-01T00:00:00.000Z,419,1004
297,2020-04-01T00:00:00.000Z,278,1282
298,2020-01-01T00:00:00.000Z,278,278
298,2020-02-01T00:00:00.000Z,-858,-580
298,2020-03-01T00:00:00.000Z,1347,767
298,2020-04-01T00:00:00.000Z,722,1489
299,2020-01-01T00:00:00.000Z,961,961
299,2020-02-01T00:00:00.000Z,285,1246
299,2020-03-01T00:00:00.000Z,-1176,70
300,2020-01-01T00:00:00.000Z,672,672
300,2020-02-01T00:00:00.000Z,-1621,-949
300,2020-03-01T00:00:00.000Z,-1425,-2374
300,2020-04-01T00:00:00.000Z,-805,-3179
301,2020-01-01T00:00:00.000Z,-906,-906
301,2020-02-01T00:00:00.000Z,-1071,-1977
301,2020-03-01T00:00:00.000Z,-1659,-3636
301,2020-04-01T00:00:00.000Z,107,-3529
302,2020-01-01T00:00:00.000Z,-1499,-1499
302,2020-02-01T00:00:00.000Z,-578,-2077
302,2020-03-01T00:00:00.000Z,-333,-2410
302,2020-04-01T00:00:00.000Z,615,-1795
303,2020-01-01T00:00:00.000Z,332,332
303,2020-02-01T00:00:00.000Z,133,465
303,2020-03-01T00:00:00.000Z,-1094,-629
303,2020-04-01T00:00:00.000Z,-31,-660
304,2020-01-01T00:00:00.000Z,152,152
304,2020-02-01T00:00:00.000Z,-1512,-1360
304,2020-03-01T00:00:00.000Z,-1060,-2420
304,2020-04-01T00:00:00.000Z,373,-2047
305,2020-01-01T00:00:00.000Z,20,20
305,2020-02-01T00:00:00.000Z,169,189
305,2020-03-01T00:00:00.000Z,-245,-56
306,2020-01-01T00:00:00.000Z,402,402
306,2020-03-01T00:00:00.000Z,-402,0
306,2020-04-01T00:00:00.000Z,1565,1565
307,2020-01-01T00:00:00.000Z,-696,-696
307,2020-02-01T00:00:00.000Z,1446,750
307,2020-03-01T00:00:00.000Z,-225,525
307,2020-04-01T00:00:00.000Z,-463,62
308,2020-01-01T00:00:00.000Z,-561,-561
308,2020-02-01T00:00:00.000Z,877,316
308,2020-03-01T00:00:00.000Z,394,710
308,2020-04-01T00:00:00.000Z,261,971
309,2020-01-01T00:00:00.000Z,-363,-363
309,2020-02-01T00:00:00.000Z,-2041,-2404
309,2020-03-01T00:00:00.000Z,591,-1813
309,2020-04-01T00:00:00.000Z,853,-960
310,2020-01-01T00:00:00.000Z,860,860
310,2020-02-01T00:00:00.000Z,-704,156
310,2020-03-01T00:00:00.000Z,2910,3066
311,2020-01-01T00:00:00.000Z,310,310
311,2020-02-01T00:00:00.000Z,696,1006
311,2020-03-01T00:00:00.000Z,-1961,-955
311,2020-04-01T00:00:00.000Z,-100,-1055
312,2020-01-01T00:00:00.000Z,485,485
312,2020-02-01T00:00:00.000Z,171,656
312,2020-03-01T00:00:00.000Z,-1721,-1065
312,2020-04-01T00:00:00.000Z,-1253,-2318
313,2020-01-01T00:00:00.000Z,901,901
313,2020-02-01T00:00:00.000Z,71,972
313,2020-03-01T00:00:00.000Z,-2283,-1311
313,2020-04-01T00:00:00.000Z,1277,-34
314,2020-01-01T00:00:00.000Z,448,448
314,2020-02-01T00:00:00.000Z,-1081,-633
314,2020-03-01T00:00:00.000Z,724,91
314,2020-04-01T00:00:00.000Z,-340,-249
315,2020-01-01T00:00:00.000Z,1295,1295
315,2020-02-01T00:00:00.000Z,54,1349
315,2020-03-01T00:00:00.000Z,938,2287
316,2020-01-01T00:00:00.000Z,184,184
316,2020-02-01T00:00:00.000Z,-2667,-2483
316,2020-03-01T00:00:00.000Z,-816,-3299
317,2020-01-01T00:00:00.000Z,869,869
317,2020-02-01T00:00:00.000Z,363,1232
317,2020-04-01T00:00:00.000Z,-237,995
318,2020-01-01T00:00:00.000Z,321,321
318,2020-02-01T00:00:00.000Z,-663,-342
318,2020-03-01T00:00:00.000Z,-1306,-1648
319,2020-01-01T00:00:00.000Z,83,83
319,2020-02-01T00:00:00.000Z,-786,-703
319,2020-03-01T00:00:00.000Z,215,-488
320,2020-01-01T00:00:00.000Z,2426,2426
320,2020-02-01T00:00:00.000Z,-517,1909
320,2020-03-01T00:00:00.000Z,330,2239
320,2020-04-01T00:00:00.000Z,612,2851
321,2020-01-01T00:00:00.000Z,243,243
321,2020-02-01T00:00:00.000Z,-456,-213
321,2020-04-01T00:00:00.000Z,785,572
322,2020-01-01T00:00:00.000Z,1949,1949
322,2020-02-01T00:00:00.000Z,522,2471
322,2020-03-01T00:00:00.000Z,-660,1811
323,2020-01-01T00:00:00.000Z,1323,1323
323,2020-02-01T00:00:00.000Z,-3203,-1880
323,2020-03-01T00:00:00.000Z,-2316,-4196
323,2020-04-01T00:00:00.000Z,-1025,-5221
324,2020-01-01T00:00:00.000Z,203,203
324,2020-02-01T00:00:00.000Z,764,967
324,2020-03-01T00:00:00.000Z,503,1470
325,2020-01-01T00:00:00.000Z,60,60
325,2020-02-01T00:00:00.000Z,-1938,-1878
325,2020-03-01T00:00:00.000Z,16,-1862
326,2020-01-01T00:00:00.000Z,-211,-211
326,2020-02-01T00:00:00.000Z,628,417
327,2020-01-01T00:00:00.000Z,919,919
327,2020-03-01T00:00:00.000Z,-1083,-164
328,2020-01-01T00:00:00.000Z,-1232,-1232
328,2020-02-01T00:00:00.000Z,-2194,-3426
328,2020-03-01T00:00:00.000Z,-1277,-4703
328,2020-04-01T00:00:00.000Z,144,-4559
329,2020-01-01T00:00:00.000Z,831,831
329,2020-02-01T00:00:00.000Z,-829,2
329,2020-03-01T00:00:00.000Z,-628,-626
329,2020-04-01T00:00:00.000Z,1362,736
330,2020-01-01T00:00:00.000Z,826,826
330,2020-02-01T00:00:00.000Z,273,1099
330,2020-03-01T00:00:00.000Z,-1765,-666
330,2020-04-01T00:00:00.000Z,-808,-1474
331,2020-01-01T00:00:00.000Z,-54,-54
331,2020-02-01T00:00:00.000Z,-119,-173
331,2020-03-01T00:00:00.000Z,-776,-949
332,2020-01-01T00:00:00.000Z,202,202
332,2020-02-01T00:00:00.000Z,357,559
332,2020-03-01T00:00:00.000Z,-65,494
332,2020-04-01T00:00:00.000Z,176,670
333,2020-01-01T00:00:00.000Z,-229,-229
333,2020-02-01T00:00:00.000Z,102,-127
333,2020-03-01T00:00:00.000Z,694,567
333,2020-04-01T00:00:00.000Z,353,920
334,2020-01-01T00:00:00.000Z,1177,1177
334,2020-02-01T00:00:00.000Z,1547,2724
334,2020-03-01T00:00:00.000Z,-299,2425
334,2020-04-01T00:00:00.000Z,-811,1614
335,2020-01-01T00:00:00.000Z,570,570
335,2020-02-01T00:00:00.000Z,-924,-354
335,2020-03-01T00:00:00.000Z,777,423
336,2020-01-01T00:00:00.000Z,543,543
336,2020-02-01T00:00:00.000Z,-1138,-595
336,2020-03-01T00:00:00.000Z,730,135
336,2020-04-01T00:00:00.000Z,464,599
337,2020-01-01T00:00:00.000Z,-264,-264
337,2020-02-01T00:00:00.000Z,434,170
337,2020-03-01T00:00:00.000Z,1280,1450
337,2020-04-01T00:00:00.000Z,-136,1314
338,2020-01-01T00:00:00.000Z,262,262
338,2020-02-01T00:00:00.000Z,271,533
338,2020-03-01T00:00:00.000Z,2234,2767
338,2020-04-01T00:00:00.000Z,-1503,1264
339,2020-01-01T00:00:00.000Z,-780,-780
339,2020-02-01T00:00:00.000Z,1868,1088
339,2020-03-01T00:00:00.000Z,-463,625
340,2020-01-01T00:00:00.000Z,-1086,-1086
340,2020-02-01T00:00:00.000Z,1362,276
340,2020-03-01T00:00:00.000Z,283,559
340,2020-04-01T00:00:00.000Z,831,1390
341,2020-01-01T00:00:00.000Z,345,345
341,2020-02-01T00:00:00.000Z,-1218,-873
341,2020-03-01T00:00:00.000Z,-1260,-2133
341,2020-04-01T00:00:00.000Z,39,-2094
342,2020-01-01T00:00:00.000Z,347,347
342,2020-02-01T00:00:00.000Z,-632,-285
342,2020-03-01T00:00:00.000Z,788,503
342,2020-04-01T00:00:00.000Z,-638,-135
343,2020-01-01T00:00:00.000Z,1339,1339
343,2020-02-01T00:00:00.000Z,314,1653
343,2020-03-01T00:00:00.000Z,188,1841
344,2020-01-01T00:00:00.000Z,-932,-932
344,2020-02-01T00:00:00.000Z,1437,505
344,2020-03-01T00:00:00.000Z,970,1475
345,2020-01-01T00:00:00.000Z,-100,-100
345,2020-02-01T00:00:00.000Z,-550,-650
345,2020-03-01T00:00:00.000Z,-1638,-2288
346,2020-01-01T00:00:00.000Z,916,916
346,2020-02-01T00:00:00.000Z,-1968,-1052
346,2020-04-01T00:00:00.000Z,-2750,-3802
347,2020-01-01T00:00:00.000Z,394,394
347,2020-02-01T00:00:00.000Z,-1169,-775
347,2020-03-01T00:00:00.000Z,-993,-1768
348,2020-01-01T00:00:00.000Z,-771,-771
348,2020-02-01T00:00:00.000Z,885,114
348,2020-03-01T00:00:00.000Z,-269,-155
348,2020-04-01T00:00:00.000Z,203,48
349,2020-01-01T00:00:00.000Z,-844,-844
349,2020-02-01T00:00:00.000Z,-196,-1040
349,2020-03-01T00:00:00.000Z,2349,1309
349,2020-04-01T00:00:00.000Z,655,1964
350,2020-01-01T00:00:00.000Z,2200,2200
350,2020-02-01T00:00:00.000Z,-1120,1080
350,2020-03-01T00:00:00.000Z,-1254,-174
350,2020-04-01T00:00:00.000Z,-1059,-1233
351,2020-01-01T00:00:00.000Z,90,90
351,2020-02-01T00:00:00.000Z,-1623,-1533
351,2020-03-01T00:00:00.000Z,-327,-1860
352,2020-01-01T00:00:00.000Z,416,416
352,2020-02-01T00:00:00.000Z,-2028,-1612
352,2020-03-01T00:00:00.000Z,-162,-1774
352,2020-04-01T00:00:00.000Z,-495,-2269
353,2020-01-01T00:00:00.000Z,-555,-555
353,2020-02-01T00:00:00.000Z,-1264,-1819
353,2020-03-01T00:00:00.000Z,1303,-516
354,2020-01-01T00:00:00.000Z,822,822
354,2020-03-01T00:00:00.000Z,-664,158
355,2020-01-01T00:00:00.000Z,-245,-245
355,2020-02-01T00:00:00.000Z,51,-194
355,2020-03-01T00:00:00.000Z,-943,-1137
355,2020-04-01T00:00:00.000Z,285,-852
356,2020-01-01T00:00:00.000Z,-1870,-1870
356,2020-02-01T00:00:00.000Z,-2059,-3929
356,2020-03-01T00:00:00.000Z,-2589,-6518
356,2020-04-01T00:00:00.000Z,-364,-6882
357,2020-01-01T00:00:00.000Z,780,780
357,2020-02-01T00:00:00.000Z,98,878
357,2020-03-01T00:00:00.000Z,-382,496
357,2020-04-01T00:00:00.000Z,-684,-188
358,2020-01-01T00:00:00.000Z,-1062,-1062
358,2020-02-01T00:00:00.000Z,443,-619
358,2020-03-01T00:00:00.000Z,-264,-883
358,2020-04-01T00:00:00.000Z,175,-708
359,2020-01-01T00:00:00.000Z,890,890
359,2020-02-01T00:00:00.000Z,394,1284
359,2020-03-01T00:00:00.000Z,1875,3159
359,2020-04-01T00:00:00.000Z,-281,2878
360,2020-01-01T00:00:00.000Z,-1306,-1306
360,2020-02-01T00:00:00.000Z,879,-427
360,2020-03-01T00:00:00.000Z,-828,-1255
360,2020-04-01T00:00:00.000Z,931,-324
361,2020-01-01T00:00:00.000Z,340,340
361,2020-02-01T00:00:00.000Z,432,772
362,2020-01-01T00:00:00.000Z,416,416
362,2020-02-01T00:00:00.000Z,65,481
362,2020-03-01T00:00:00.000Z,-1045,-564
362,2020-04-01T00:00:00.000Z,1179,615
363,2020-01-01T00:00:00.000Z,977,977
363,2020-02-01T00:00:00.000Z,-1595,-618
363,2020-03-01T00:00:00.000Z,-2447,-3065
363,2020-04-01T00:00:00.000Z,179,-2886
364,2020-01-01T00:00:00.000Z,-57,-57
364,2020-02-01T00:00:00.000Z,-399,-456
364,2020-03-01T00:00:00.000Z,1629,1173
364,2020-04-01T00:00:00.000Z,-362,811
365,2020-01-01T00:00:00.000Z,-68,-68
365,2020-02-01T00:00:00.000Z,312,244
365,2020-03-01T00:00:00.000Z,-319,-75
365,2020-04-01T00:00:00.000Z,-685,-760
366,2020-01-01T00:00:00.000Z,-51,-51
366,2020-02-01T00:00:00.000Z,-42,-93
366,2020-03-01T00:00:00.000Z,-1212,-1305
366,2020-04-01T00:00:00.000Z,209,-1096
367,2020-01-01T00:00:00.000Z,239,239
367,2020-02-01T00:00:00.000Z,-706,-467
367,2020-03-01T00:00:00.000Z,-2634,-3101
367,2020-04-01T00:00:00.000Z,1404,-1697
368,2020-01-01T00:00:00.000Z,-526,-526
368,2020-02-01T00:00:00.000Z,-2964,-3490
368,2020-03-01T00:00:00.000Z,2014,-1476
368,2020-04-01T00:00:00.000Z,-1384,-2860
369,2020-01-01T00:00:00.000Z,266,266
369,2020-03-01T00:00:00.000Z,1413,1679
370,2020-01-01T00:00:00.000Z,-2295,-2295
370,2020-02-01T00:00:00.000Z,660,-1635
370,2020-03-01T00:00:00.000Z,324,-1311
370,2020-04-01T00:00:00.000Z,-185,-1496
371,2020-01-01T00:00:00.000Z,-134,-134
371,2020-02-01T00:00:00.000Z,-20,-154
371,2020-03-01T00:00:00.000Z,149,-5
371,2020-04-01T00:00:00.000Z,-1238,-1243
372,2020-01-01T00:00:00.000Z,2718,2718
372,2020-02-01T00:00:00.000Z,-1477,1241
372,2020-03-01T00:00:00.000Z,-2866,-1625
373,2020-01-01T00:00:00.000Z,493,493
373,2020-02-01T00:00:00.000Z,-216,277
373,2020-03-01T00:00:00.000Z,780,1057
373,2020-04-01T00:00:00.000Z,394,1451
374,2020-01-01T00:00:00.000Z,-457,-457
374,2020-02-01T00:00:00.000Z,-835,-1292
374,2020-03-01T00:00:00.000Z,446,-846
375,2020-01-01T00:00:00.000Z,647,647
375,2020-02-01T00:00:00.000Z,-319,328
375,2020-03-01T00:00:00.000Z,-768,-440
375,2020-04-01T00:00:00.000Z,-851,-1291
376,2020-01-01T00:00:00.000Z,1614,1614
376,2020-02-01T00:00:00.000Z,901,2515
376,2020-03-01T00:00:00.000Z,547,3062
377,2020-01-01T00:00:00.000Z,252,252
377,2020-02-01T00:00:00.000Z,-434,-182
377,2020-04-01T00:00:00.000Z,-603,-785
378,2020-01-01T00:00:00.000Z,484,484
378,2020-02-01T00:00:00.000Z,1940,2424
378,2020-03-01T00:00:00.000Z,-834,1590
379,2020-01-01T00:00:00.000Z,-35,-35
379,2020-02-01T00:00:00.000Z,-233,-268
379,2020-04-01T00:00:00.000Z,-938,-1206
380,2020-01-01T00:00:00.000Z,-849,-849
380,2020-02-01T00:00:00.000Z,-632,-1481
380,2020-03-01T00:00:00.000Z,-2181,-3662
381,2020-01-01T00:00:00.000Z,66,66
381,2020-02-01T00:00:00.000Z,926,992
381,2020-03-01T00:00:00.000Z,-714,278
381,2020-04-01T00:00:00.000Z,-875,-597
382,2020-01-01T00:00:00.000Z,-687,-687
382,2020-02-01T00:00:00.000Z,-508,-1195
382,2020-03-01T00:00:00.000Z,54,-1141
383,2020-01-01T00:00:00.000Z,-36,-36
383,2020-02-01T00:00:00.000Z,971,935
383,2020-03-01T00:00:00.000Z,-1552,-617
383,2020-04-01T00:00:00.000Z,1530,913
384,2020-01-01T00:00:00.000Z,-10,-10
384,2020-02-01T00:00:00.000Z,-2476,-2486
384,2020-03-01T00:00:00.000Z,-41,-2527
385,2020-01-01T00:00:00.000Z,-1174,-1174
385,2020-03-01T00:00:00.000Z,-3519,-4693
385,2020-04-01T00:00:00.000Z,-168,-4861
386,2020-01-01T00:00:00.000Z,1108,1108
386,2020-02-01T00:00:00.000Z,-349,759
386,2020-03-01T00:00:00.000Z,-1525,-766
386,2020-04-01T00:00:00.000Z,-3071,-3837
387,2020-01-01T00:00:00.000Z,1069,1069
387,2020-03-01T00:00:00.000Z,1482,2551
387,2020-04-01T00:00:00.000Z,-97,2454
388,2020-01-01T00:00:00.000Z,2243,2243
388,2020-02-01T00:00:00.000Z,-1117,1126
388,2020-03-01T00:00:00.000Z,472,1598
388,2020-04-01T00:00:00.000Z,-222,1376
389,2020-01-01T00:00:00.000Z,-27,-27
389,2020-02-01T00:00:00.000Z,517,490
389,2020-03-01T00:00:00.000Z,724,1214
389,2020-04-01T00:00:00.000Z,791,2005
390,2020-01-01T00:00:00.000Z,-705,-705
390,2020-02-01T00:00:00.000Z,-1333,-2038
390,2020-03-01T00:00:00.000Z,109,-1929
390,2020-04-01T00:00:00.000Z,-872,-2801
391,2020-01-01T00:00:00.000Z,603,603
391,2020-02-01T00:00:00.000Z,-601,2
391,2020-03-01T00:00:00.000Z,270,272
391,2020-04-01T00:00:00.000Z,-362,-90
392,2020-01-01T00:00:00.000Z,816,816
392,2020-02-01T00:00:00.000Z,1218,2034
392,2020-03-01T00:00:00.000Z,-536,1498
392,2020-04-01T00:00:00.000Z,-245,1253
393,2020-01-01T00:00:00.000Z,659,659
393,2020-02-01T00:00:00.000Z,-541,118
393,2020-03-01T00:00:00.000Z,1382,1500
393,2020-04-01T00:00:00.000Z,-861,639
394,2020-01-01T00:00:00.000Z,3268,3268
394,2020-02-01T00:00:00.000Z,-624,2644
394,2020-03-01T00:00:00.000Z,-1224,1420
395,2020-01-01T00:00:00.000Z,-1782,-1782
395,2020-02-01T00:00:00.000Z,868,-914
395,2020-03-01T00:00:00.000Z,11,-903
395,2020-04-01T00:00:00.000Z,-820,-1723
396,2020-01-01T00:00:00.000Z,-909,-909
396,2020-02-01T00:00:00.000Z,359,-550
396,2020-03-01T00:00:00.000Z,-2298,-2848
397,2020-01-01T00:00:00.000Z,973,973
397,2020-02-01T00:00:00.000Z,133,1106
397,2020-03-01T00:00:00.000Z,603,1709
398,2020-01-01T00:00:00.000Z,-429,-429
398,2020-02-01T00:00:00.000Z,-2742,-3171
398,2020-03-01T00:00:00.000Z,-230,-3401
399,2020-01-01T00:00:00.000Z,593,593
399,2020-02-01T00:00:00.000Z,-894,-301
399,2020-03-01T00:00:00.000Z,-1187,-1488
399,2020-04-01T00:00:00.000Z,-229,-1717
400,2020-01-01T00:00:00.000Z,155,155
400,2020-02-01T00:00:00.000Z,-564,-409
400,2020-04-01T00:00:00.000Z,1747,1338
401,2020-01-01T00:00:00.000Z,102,102
401,2020-02-01T00:00:00.000Z,-127,-25
401,2020-03-01T00:00:00.000Z,108,83
402,2020-01-01T00:00:00.000Z,1478,1478
402,2020-02-01T00:00:00.000Z,121,1599
402,2020-03-01T00:00:00.000Z,-803,796
403,2020-01-01T00:00:00.000Z,303,303
403,2020-03-01T00:00:00.000Z,684,987
403,2020-04-01T00:00:00.000Z,60,1047
404,2020-01-01T00:00:00.000Z,-245,-245
404,2020-02-01T00:00:00.000Z,-102,-347
404,2020-03-01T00:00:00.000Z,-2137,-2484
405,2020-01-01T00:00:00.000Z,-2897,-2897
405,2020-02-01T00:00:00.000Z,-1228,-4125
405,2020-03-01T00:00:00.000Z,-2757,-6882
405,2020-04-01T00:00:00.000Z,-188,-7070
406,2020-01-01T00:00:00.000Z,795,795
406,2020-02-01T00:00:00.000Z,336,1131
406,2020-03-01T00:00:00.000Z,1466,2597
406,2020-04-01T00:00:00.000Z,-318,2279
407,2020-01-01T00:00:00.000Z,7,7
407,2020-02-01T00:00:00.000Z,39,46
407,2020-03-01T00:00:00.000Z,-946,-900
407,2020-04-01T00:00:00.000Z,-2375,-3275
408,2020-01-01T00:00:00.000Z,-145,-145
408,2020-03-01T00:00:00.000Z,945,800
408,2020-04-01T00:00:00.000Z,-932,-132
409,2020-01-01T00:00:00.000Z,155,155
409,2020-02-01T00:00:00.000Z,1216,1371
409,2020-03-01T00:00:00.000Z,1084,2455
409,2020-04-01T00:00:00.000Z,168,2623
410,2020-01-01T00:00:00.000Z,1025,1025
410,2020-02-01T00:00:00.000Z,-826,199
410,2020-03-01T00:00:00.000Z,-251,-52
411,2020-01-01T00:00:00.000Z,551,551
411,2020-04-01T00:00:00.000Z,-1532,-981
412,2020-01-01T00:00:00.000Z,722,722
412,2020-02-01T00:00:00.000Z,-114,608
413,2020-01-01T00:00:00.000Z,642,642
413,2020-02-01T00:00:00.000Z,430,1072
413,2020-04-01T00:00:00.000Z,-271,801
414,2020-01-01T00:00:00.000Z,439,439
414,2020-03-01T00:00:00.000Z,1479,1918
415,2020-01-01T00:00:00.000Z,331,331
415,2020-02-01T00:00:00.000Z,-917,-586
415,2020-03-01T00:00:00.000Z,-3701,-4287
416,2020-01-01T00:00:00.000Z,756,756
416,2020-02-01T00:00:00.000Z,959,1715
416,2020-03-01T00:00:00.000Z,1609,3324
416,2020-04-01T00:00:00.000Z,574,3898
417,2020-01-01T00:00:00.000Z,707,707
417,2020-02-01T00:00:00.000Z,-1786,-1079
417,2020-03-01T00:00:00.000Z,-461,-1540
417,2020-04-01T00:00:00.000Z,-307,-1847
418,2020-01-01T00:00:00.000Z,-499,-499
418,2020-02-01T00:00:00.000Z,-497,-996
418,2020-03-01T00:00:00.000Z,-628,-1624
418,2020-04-01T00:00:00.000Z,-204,-1828
419,2020-01-01T00:00:00.000Z,1193,1193
419,2020-02-01T00:00:00.000Z,-1070,123
419,2020-03-01T00:00:00.000Z,-1403,-1280
420,2020-01-01T00:00:00.000Z,-280,-280
420,2020-02-01T00:00:00.000Z,-1837,-2117
420,2020-03-01T00:00:00.000Z,-340,-2457
420,2020-04-01T00:00:00.000Z,379,-2078
421,2020-01-01T00:00:00.000Z,-741,-741
421,2020-02-01T00:00:00.000Z,170,-571
421,2020-03-01T00:00:00.000Z,158,-413
421,2020-04-01T00:00:00.000Z,725,312
422,2020-01-01T00:00:00.000Z,356,356
422,2020-02-01T00:00:00.000Z,-2017,-1661
422,2020-03-01T00:00:00.000Z,615,-1046
422,2020-04-01T00:00:00.000Z,-2311,-3357
423,2020-01-01T00:00:00.000Z,361,361
423,2020-02-01T00:00:00.000Z,-623,-262
423,2020-03-01T00:00:00.000Z,1583,1321
424,2020-01-01T00:00:00.000Z,-595,-595
424,2020-02-01T00:00:00.000Z,-53,-648
424,2020-03-01T00:00:00.000Z,-292,-940
424,2020-04-01T00:00:00.000Z,626,-314
425,2020-01-01T00:00:00.000Z,63,63
425,2020-02-01T00:00:00.000Z,-568,-505
425,2020-03-01T00:00:00.000Z,562,57
425,2020-04-01T00:00:00.000Z,-778,-721
426,2020-01-01T00:00:00.000Z,-880,-880
426,2020-02-01T00:00:00.000Z,-2922,-3802
426,2020-03-01T00:00:00.000Z,-550,-4352
426,2020-04-01T00:00:00.000Z,-1000,-5352
427,2020-01-01T00:00:00.000Z,588,588
427,2020-02-01T00:00:00.000Z,717,1305
427,2020-03-01T00:00:00.000Z,-629,676
427,2020-04-01T00:00:00.000Z,-992,-316
428,2020-01-01T00:00:00.000Z,280,280
428,2020-02-01T00:00:00.000Z,407,687
428,2020-03-01T00:00:00.000Z,530,1217
429,2020-01-01T00:00:00.000Z,82,82
429,2020-02-01T00:00:00.000Z,391,473
429,2020-03-01T00:00:00.000Z,-519,-46
429,2020-04-01T00:00:00.000Z,-855,-901
430,2020-01-01T00:00:00.000Z,-8,-8
430,2020-02-01T00:00:00.000Z,411,403
430,2020-03-01T00:00:00.000Z,-1729,-1326
431,2020-01-01T00:00:00.000Z,-400,-400
431,2020-02-01T00:00:00.000Z,-739,-1139
432,2020-01-01T00:00:00.000Z,392,392
432,2020-02-01T00:00:00.000Z,594,986
432,2020-03-01T00:00:00.000Z,-23,963
432,2020-04-01T00:00:00.000Z,1472,2435
433,2020-01-01T00:00:00.000Z,883,883
433,2020-02-01T00:00:00.000Z,403,1286
433,2020-03-01T00:00:00.000Z,-626,660
434,2020-01-01T00:00:00.000Z,1123,1123
434,2020-02-01T00:00:00.000Z,-1240,-117
434,2020-03-01T00:00:00.000Z,-2249,-2366
434,2020-04-01T00:00:00.000Z,551,-1815
435,2020-01-01T00:00:00.000Z,-1329,-1329
435,2020-02-01T00:00:00.000Z,1291,-38
435,2020-03-01T00:00:00.000Z,-1138,-1176
436,2020-01-01T00:00:00.000Z,917,917
436,2020-02-01T00:00:00.000Z,-31,886
436,2020-03-01T00:00:00.000Z,-1562,-676
437,2020-01-01T00:00:00.000Z,-361,-361
437,2020-02-01T00:00:00.000Z,-1176,-1537
437,2020-03-01T00:00:00.000Z,219,-1318
437,2020-04-01T00:00:00.000Z,184,-1134
438,2020-01-01T00:00:00.000Z,1317,1317
438,2020-02-01T00:00:00.000Z,1496,2813
438,2020-03-01T00:00:00.000Z,-1390,1423
439,2020-01-01T00:00:00.000Z,430,430
439,2020-03-01T00:00:00.000Z,-811,-381
439,2020-04-01T00:00:00.000Z,699,318
440,2020-01-01T00:00:00.000Z,-123,-123
440,2020-02-01T00:00:00.000Z,269,146
440,2020-03-01T00:00:00.000Z,344,490
441,2020-01-01T00:00:00.000Z,-329,-329
441,2020-02-01T00:00:00.000Z,1074,745
441,2020-03-01T00:00:00.000Z,-1414,-669
441,2020-04-01T00:00:00.000Z,-129,-798
442,2020-01-01T00:00:00.000Z,142,142
442,2020-02-01T00:00:00.000Z,-3040,-2898
442,2020-03-01T00:00:00.000Z,-1622,-4520
442,2020-04-01T00:00:00.000Z,-979,-5499
443,2020-01-01T00:00:00.000Z,760,760
443,2020-02-01T00:00:00.000Z,-50,710
443,2020-03-01T00:00:00.000Z,-1069,-359
443,2020-04-01T00:00:00.000Z,348,-11
444,2020-01-01T00:00:00.000Z,83,83
444,2020-02-01T00:00:00.000Z,-1261,-1178
444,2020-03-01T00:00:00.000Z,679,-499
444,2020-04-01T00:00:00.000Z,-321,-820
445,2020-01-01T00:00:00.000Z,1364,1364
445,2020-02-01T00:00:00.000Z,-470,894
445,2020-03-01T00:00:00.000Z,-170,724
445,2020-04-01T00:00:00.000Z,-412,312
446,2020-01-01T00:00:00.000Z,412,412
446,2020-03-01T00:00:00.000Z,-465,-53
446,2020-04-01T00:00:00.000Z,458,405
447,2020-01-01T00:00:00.000Z,1195,1195
447,2020-02-01T00:00:00.000Z,-1154,41
447,2020-03-01T00:00:00.000Z,-1331,-1290
448,2020-01-01T00:00:00.000Z,1360,1360
448,2020-02-01T00:00:00.000Z,-2269,-909
448,2020-03-01T00:00:00.000Z,-1133,-2042
448,2020-04-01T00:00:00.000Z,-376,-2418
449,2020-01-01T00:00:00.000Z,-3100,-3100
449,2020-02-01T00:00:00.000Z,-828,-3928
449,2020-03-01T00:00:00.000Z,883,-3045
450,2020-01-01T00:00:00.000Z,469,469
450,2020-02-01T00:00:00.000Z,-628,-159
450,2020-03-01T00:00:00.000Z,-578,-737
450,2020-04-01T00:00:00.000Z,701,-36
451,2020-01-01T00:00:00.000Z,910,910
451,2020-02-01T00:00:00.000Z,-2223,-1313
451,2020-03-01T00:00:00.000Z,668,-645
451,2020-04-01T00:00:00.000Z,-111,-756
452,2020-01-01T00:00:00.000Z,1360,1360
452,2020-02-01T00:00:00.000Z,294,1654
452,2020-03-01T00:00:00.000Z,-41,1613
453,2020-01-01T00:00:00.000Z,638,638
453,2020-02-01T00:00:00.000Z,173,811
453,2020-03-01T00:00:00.000Z,-1406,-595
453,2020-04-01T00:00:00.000Z,712,117
454,2020-01-01T00:00:00.000Z,11,11
454,2020-02-01T00:00:00.000Z,2152,2163
454,2020-03-01T00:00:00.000Z,-62,2101
455,2020-01-01T00:00:00.000Z,329,329
455,2020-03-01T00:00:00.000Z,-560,-231
456,2020-01-01T00:00:00.000Z,1314,1314
456,2020-02-01T00:00:00.000Z,-570,744
456,2020-03-01T00:00:00.000Z,-799,-55
456,2020-04-01T00:00:00.000Z,67,12
457,2020-01-01T00:00:00.000Z,195,195
457,2020-02-01T00:00:00.000Z,-429,-234
457,2020-03-01T00:00:00.000Z,-480,-714
457,2020-04-01T00:00:00.000Z,-4,-718
458,2020-01-01T00:00:00.000Z,715,715
458,2020-02-01T00:00:00.000Z,-1368,-653
459,2020-01-01T00:00:00.000Z,246,246
459,2020-02-01T00:00:00.000Z,-3158,-2912
459,2020-03-01T00:00:00.000Z,78,-2834
460,2020-01-01T00:00:00.000Z,80,80
460,2020-02-01T00:00:00.000Z,-1238,-1158
460,2020-03-01T00:00:00.000Z,-17,-1175
460,2020-04-01T00:00:00.000Z,848,-327
461,2020-01-01T00:00:00.000Z,2267,2267
461,2020-02-01T00:00:00.000Z,1164,3431
461,2020-03-01T00:00:00.000Z,-219,3212
462,2020-01-01T00:00:00.000Z,907,907
462,2020-02-01T00:00:00.000Z,-917,-10
462,2020-03-01T00:00:00.000Z,-821,-831
462,2020-04-01T00:00:00.000Z,-564,-1395
463,2020-01-01T00:00:00.000Z,1166,1166
463,2020-02-01T00:00:00.000Z,-854,312
463,2020-03-01T00:00:00.000Z,361,673
463,2020-04-01T00:00:00.000Z,-393,280
464,2020-01-01T00:00:00.000Z,953,953
464,2020-03-01T00:00:00.000Z,-1464,-511
464,2020-04-01T00:00:00.000Z,-983,-1494
465,2020-01-01T00:00:00.000Z,955,955
465,2020-02-01T00:00:00.000Z,1034,1989
465,2020-03-01T00:00:00.000Z,-483,1506
465,2020-04-01T00:00:00.000Z,-156,1350
466,2020-01-01T00:00:00.000Z,80,80
466,2020-02-01T00:00:00.000Z,-2059,-1979
466,2020-03-01T00:00:00.000Z,-134,-2113
467,2020-01-01T00:00:00.000Z,1994,1994
467,2020-02-01T00:00:00.000Z,1588,3582
467,2020-03-01T00:00:00.000Z,-828,2754
467,2020-04-01T00:00:00.000Z,-1564,1190
468,2020-01-01T00:00:00.000Z,39,39
468,2020-02-01T00:00:00.000Z,-194,-155
468,2020-03-01T00:00:00.000Z,-762,-917
469,2020-01-01T00:00:00.000Z,386,386
469,2020-02-01T00:00:00.000Z,1775,2161
469,2020-03-01T00:00:00.000Z,-2963,-802
469,2020-04-01T00:00:00.000Z,-735,-1537
470,2020-01-01T00:00:00.000Z,377,377
470,2020-02-01T00:00:00.000Z,-688,-311
471,2020-01-01T00:00:00.000Z,781,781
471,2020-03-01T00:00:00.000Z,457,1238
471,2020-04-01T00:00:00.000Z,649,1887
472,2020-01-01T00:00:00.000Z,811,811
472,2020-02-01T00:00:00.000Z,-926,-115
472,2020-03-01T00:00:00.000Z,147,32
472,2020-04-01T00:00:00.000Z,186,218
473,2020-01-01T00:00:00.000Z,-183,-183
473,2020-02-01T00:00:00.000Z,-681,-864
473,2020-03-01T00:00:00.000Z,-2766,-3630
473,2020-04-01T00:00:00.000Z,-2142,-5772
474,2020-01-01T00:00:00.000Z,928,928
474,2020-02-01T00:00:00.000Z,-789,139
474,2020-03-01T00:00:00.000Z,-398,-259
475,2020-01-01T00:00:00.000Z,-673,-673
475,2020-02-01T00:00:00.000Z,-1293,-1966
475,2020-03-01T00:00:00.000Z,-3107,-5073
476,2020-01-01T00:00:00.000Z,-476,-476
476,2020-02-01T00:00:00.000Z,-1527,-2003
476,2020-03-01T00:00:00.000Z,-1362,-3365
476,2020-04-01T00:00:00.000Z,-1607,-4972
477,2020-01-01T00:00:00.000Z,-3034,-3034
477,2020-02-01T00:00:00.000Z,-1558,-4592
477,2020-03-01T00:00:00.000Z,-1946,-6538
478,2020-01-01T00:00:00.000Z,-712,-712
478,2020-02-01T00:00:00.000Z,2990,2278
478,2020-03-01T00:00:00.000Z,-191,2087
479,2020-01-01T00:00:00.000Z,320,320
479,2020-02-01T00:00:00.000Z,-647,-327
479,2020-03-01T00:00:00.000Z,840,513
480,2020-01-01T00:00:00.000Z,522,522
480,2020-03-01T00:00:00.000Z,-757,-235
480,2020-04-01T00:00:00.000Z,70,-165
481,2020-01-01T00:00:00.000Z,-1396,-1396
481,2020-02-01T00:00:00.000Z,-1509,-2905
481,2020-03-01T00:00:00.000Z,-489,-3394
482,2020-01-01T00:00:00.000Z,386,386
482,2020-02-01T00:00:00.000Z,-1073,-687
482,2020-03-01T00:00:00.000Z,-569,-1256
483,2020-01-01T00:00:00.000Z,2038,2038
483,2020-03-01T00:00:00.000Z,-2227,-189
483,2020-04-01T00:00:00.000Z,1519,1330
484,2020-01-01T00:00:00.000Z,871,871
484,2020-03-01T00:00:00.000Z,925,1796
485,2020-01-01T00:00:00.000Z,16,16
485,2020-02-01T00:00:00.000Z,1491,1507
485,2020-03-01T00:00:00.000Z,695,2202
486,2020-01-01T00:00:00.000Z,-1632,-1632
486,2020-02-01T00:00:00.000Z,-618,-2250
486,2020-03-01T00:00:00.000Z,-858,-3108
487,2020-01-01T00:00:00.000Z,-572,-572
487,2020-02-01T00:00:00.000Z,884,312
487,2020-03-01T00:00:00.000Z,-150,162
487,2020-04-01T00:00:00.000Z,-492,-330
488,2020-01-01T00:00:00.000Z,-243,-243
488,2020-02-01T00:00:00.000Z,540,297
488,2020-03-01T00:00:00.000Z,-709,-412
488,2020-04-01T00:00:00.000Z,221,-191
489,2020-01-01T00:00:00.000Z,556,556
489,2020-02-01T00:00:00.000Z,1252,1808
489,2020-03-01T00:00:00.000Z,1534,3342
489,2020-04-01T00:00:00.000Z,1996,5338
490,2020-01-01T00:00:00.000Z,271,271
490,2020-02-01T00:00:00.000Z,71,342
490,2020-04-01T00:00:00.000Z,-318,24
491,2020-01-01T00:00:00.000Z,-3,-3
491,2020-02-01T00:00:00.000Z,301,298
491,2020-03-01T00:00:00.000Z,-2617,-2319
492,2020-01-01T00:00:00.000Z,-738,-738
492,2020-02-01T00:00:00.000Z,-661,-1399
492,2020-03-01T00:00:00.000Z,-734,-2133
493,2020-01-01T00:00:00.000Z,845,845
493,2020-02-01T00:00:00.000Z,-1669,-824
493,2020-04-01T00:00:00.000Z,86,-738
494,2020-01-01T00:00:00.000Z,529,529
494,2020-02-01T00:00:00.000Z,380,909
494,2020-03-01T00:00:00.000Z,538,1447
495,2020-01-01T00:00:00.000Z,-286,-286
495,2020-02-01T00:00:00.000Z,-1152,-1438
495,2020-03-01T00:00:00.000Z,1349,-89
496,2020-01-01T00:00:00.000Z,47,47
496,2020-02-01T00:00:00.000Z,-3123,-3076
496,2020-03-01T00:00:00.000Z,650,-2426
497,2020-01-01T00:00:00.000Z,754,754
497,2020-02-01T00:00:00.000Z,249,1003
497,2020-03-01T00:00:00.000Z,736,1739
497,2020-04-01T00:00:00.000Z,941,2680
498,2020-01-01T00:00:00.000Z,1360,1360
498,2020-02-01T00:00:00.000Z,835,2195
498,2020-03-01T00:00:00.000Z,794,2989
498,2020-04-01T00:00:00.000Z,499,3488
499,2020-01-01T00:00:00.000Z,-304,-304
499,2020-02-01T00:00:00.000Z,1719,1415
499,2020-03-01T00:00:00.000Z,-816,599
500,2020-01-01T00:00:00.000Z,1594,1594
500,2020-02-01T00:00:00.000Z,1387,2981
500,2020-03-01T00:00:00.000Z,-730,2251